53405;1;152;Adaptador MHL MicroUSB a HDMI Samsung Galaxy S3/S4;9.71;13.0;Si;11;0.3
54846;1;152;Funda Polipiel Negra Carcasa y Soporte Galaxy S3 Mini;6.4;9.0;Si;20;0.3
51958;1;152;Batería para Samsung Galaxy Y;5.74;8.0;Si;39;0.2
50287;1;152;Funda+Batería Negra para Samsung Galaxy S2;13.84;18.0;Si;18;0.4
46974;1;152;Batería para Samsung Galaxy S I9000;5.58;8.0;Si;53;0.2
58823;1;192;Samsung Funda View Cover para Galaxy S4 Mini Negro;22.31;29.0;Si;36;0.2
54813;1;152;Funda Polipiel Roja con Carcasa y Soporte Galaxy Note 2;3.31;5.0;Si;38;0.1
51112;1;152;Funda Silicona Blanca Samsung Galaxy S3;2.07;3.0;Si;3;0.2
54350;1;152;Carcasa + Batería para Samsung Galaxy Note 2 Negra;25.62;33.0;Si;19;0.2
54646;1;152;Funda TPU Rosa para LG Optimus L5;1.61;2.0;Si;8;0.2
54463;1;192;Samsung Funda Blanca para Galaxy S3 Mini;10.95;14.0;Si;22;0.3
52490;1;152;Protector Pantalla Samsung Galaxy Ace;1.03;1.0;Si;27;0.1
55156;1;152;Funda Polipiel Blanca para LG Optimus L7;3.51;5.0;Si;19;0.2
59373;1;152;Protector de Pantalla Sony Xperia V;1.61;2.0;Si;6;0.1
52582;1;152;Protector Pantalla Sony Xperia S;1.61;2.0;Si;6;0.1
52889;1;152;Protector Pantalla Samsung Galaxy Note 2;1.61;2.0;Si;24;0.1
52256;1;192;Samsung Flip Cover Galaxy S3 Blanco;17.36;23.0;Si;21;0.1
54314;1;236;Unotec Soporte de Bicicleta para Galaxy S3;5.58;8.0;Si;16;0.5
54811;1;152;Funda Polipiel Blanca Samsung Galaxy S3 Mini;3.1;4.0;Si;63;0.3
55879;1;31;Bq Funda protectora Aquaris 4.5 Blanca;5.74;8.0;Si;30;0.2
57280;1;5;Protector de Pantalla para Airis TM400;4.92;7.0;Si;50;0.1
54844;1;152;Protector Pantalla Samsung Galaxy Mini 2;1.03;1.0;Si;6;0.1
54847;1;152;Funda Polipiel Blanca Carcasa y Soporte Galaxy S3 Mini;6.4;9.0;Si;4;0.3
56944;1;192;Samsung Flip Cover Galaxy Note 2 Gris;17.36;23.0;Si;39;0.3
56925;1;192;Samsung Funda Flip Cover para Galaxy S4 Blanco;15.5;20.0;Si;32;0.2
56963;1;152;Funda Rígida Graffiti Samsung Galaxy S3 Mini;2.48;3.0;Si;25;0.2
56978;1;152;Funda Polipiel Negra para LG Optimus L9;4.09;6.0;Si;27;0.2
56976;1;152;Funda Silicona Transparente para LG Optimus L9;2.44;3.0;Si;17;0.2
56924;1;192;Samsung Flip Cover Galaxy Note 2 Azul Claro;15.91;21.0;Si;33;0.3
57643;1;152;Funda Rígida Negra para Sony Xperia U;3.72;5.0;Si;42;0.2
57638;1;152;Funda Rígida Roja para Xperia S;2.48;3.0;Si;16;0.2
57953;1;152;Funda Polipiel Negra Sony Xperia L;3.51;5.0;Si;1;0.1
57954;1;152;Funda Silicona Transparente Sony Xperia L;2.44;3.0;Si;9;0.2
58002;1;152;Protector Pantalla Sony Xperia SP;1.61;2.0;Si;2;0.1
57636;1;152;Funda Rígida Blanca para Xperia S;2.48;3.0;Si;42;0.2
57372;1;152;Dock + Cargador de Batería para Galaxy Note2;10.7;14.0;Si;53;0.4
57368;1;152;Funda Flip + Batería para Samsung Galaxy S4 Negra;19.83;26.0;Si;8;0.3
54734;1;152;Funda Polipiel Roja Sony Xperia U;1.65;2.0;Si;32;0.2
54735;1;152;Funda Polipiel Azul Sony Xperia U;3.1;4.0;Si;74;0.2
51885;1;181;QooPro Carcasa+Bateria Samsung Galaxy S3 Blanca;19.79;26.0;Si;3;0.3
55969;1;152;Funda Silicona Azul Sony Xperia Z;3.26;5.0;Si;60;0.2
56005;1;152;Kit Batería + Cargador para Samsung Galaxy S3;11.78;15.0;Si;37;0.4
58091;1;192;Samsung Funda Flip Cover para Galaxy S4 Rosa;15.5;20.0;Si;40;0.5
55606;1;152;Funda Silicona Rosa Google Nexus 4;2.44;3.0;Si;30;0.2
55614;1;192;Samsung Batería Original para Galaxy Note 2;17.36;23.0;Si;19;0.2
55714;1;192;Samsung Flip Cover Galaxy Note 2 Lima;17.36;23.0;Si;38;0.3
55713;1;192;Samsung Flip Cover Galaxy Note 2 Verde;17.36;23.0;Si;31;0.3
56563;1;152;Funda Silicona Violeta Samsung Galaxy S4;1.65;2.0;Si;33;0.2
56562;1;152;Funda Silicona Rosa Samsung Galaxy S4;2.44;3.0;Si;1;0.2
56561;1;152;Funda Silicona Transparente Samsung Galaxy S4;2.44;3.0;Si;9;0.2
56564;1;152;Funda Silicona Azul Samsung Galaxy S4;2.44;3.0;Si;27;0.2
56862;1;152;Batería Alta Capacidad 4300mA + Tapa Gris para Galaxy S3;10.54;14.0;Si;21;0.4
56788;1;152;Funda Polipiel Negra Sony Xperia T;3.51;5.0;Si;23;0.2
56787;1;152;Funda Polipiel Azul Sony Xperia T;3.51;5.0;Si;10;0.2
55133;1;192;Samsung Flip Cover Galaxy S3 Amarillo;17.36;23.0;Si;19;0.1
56059;1;152;Funda Silicona Negra Sony Xperia J;2.44;3.0;Si;7;0.2
56055;1;152;Protector Pantalla Sony Xperia J;1.61;2.0;Si;54;0.1
56184;1;152;Cargador de Red/Batería para Galaxy Ace 2/S3 Mini;5.17;7.0;Si;14;0.1
56185;1;152;Batería para Samsung Galaxy S3 Mini;6.57;9.0;Si;3;0.2
56195;1;152;Dock + Cargador de Batería para Galaxy S3;10.7;14.0;Si;11;0.4
58030;1;152;Funda Flip Cover Rosa Samsung Galaxy Mini 2;6.57;9.0;Si;41;0.2
58676;1;31;Bq Funda protectora Aquaris 4.5 Verde;5.74;8.0;Si;52;0.2
58685;1;152;Funda W-Flip para Samsung Galaxy S4 Azul;7.23;10.0;Si;21;0.3
56132;1;192;Samsung Flip Cover Galaxy S3 Granate;15.66;20.0;Si;50;0.3
58314;1;152;Funda Silicona Transparente Samsung Galaxy Ace 2;1.86;3.0;Si;21;0.2
59450;1;152;Protector Pantalla Samsung Galaxy Mega Pack 2 Unidades;3.93;6.0;Si;4;0.1
58832;1;152;Funda Rígida Poncho Samsung Galaxy S3 Mini;4.09;6.0;Si;75;0.2
59231;1;152;Funda TPU Roja Samsung Galaxy S4;2.27;3.0;Si;42;0.2
57940;1;192;Samsung Adaptador MHL/HDMI para Galaxy S4;28.1;37.0;Si;5;0.3
58707;1;31;Bq Funda Protectora Aquaris 5 Blanca;5.74;8.0;Si;31;0.2
58711;1;31;Bq Funda Protectora Aquaris 5 Negra;5.74;8.0;Si;10;0.2
58773;1;152;Protector Pantalla Nokia Lumia 520;1.61;2.0;Si;7;0.1
58775;1;152;Funda Silicona Azul Nokia Lumia 520;2.44;3.0;Si;39;0.2
54252;1;152;Batería para Samsung Galaxy Note 2;6.4;9.0;Si;3;0.2
58206;1;152;Pack Full Accesorios básico para Galaxy S4;14.01;18.0;Si;33;0.5
58203;1;152;Pack Full Accesorios Premium para Galaxy S3;23.93;31.0;Si;15;0.5
58132;1;152;Funda Silicona Negra para Sony Xperia U;1.86;3.0;Si;32;0.2
54585;1;152;Funda Silicona Rosa Sony Xperia Tipo;1.03;1.0;Si;53;0.2
54644;1;152;Funda TPU Negra  para LG Optimus L5;1.61;2.0;Si;2;0.2
58115;1;192;Samsung Funda View Cover para Galaxy S4 Púrpura;23.14;30.0;Si;7;0.5
58220;1;152;Funda Polipiel Azul para LG Optimus G;3.51;5.0;Si;27;0.2
54647;1;152;Funda TPU Azul para LG Optimus L5;1.61;2.0;Si;33;0.2
59323;1;104;Funda Silicona Jiayu G4 Verde;4.92;7.0;Si;36;0.1
59397;1;152;Carcasa Rigida Azul Para Samsung Galaxy Mini 2;3.72;5.0;Si;19;0.01
59353;1;152;Funda Silicona Azul para Sony Xperia E;1.98;3.0;Si;26;0.2
59374;1;152;Funda Polipiel Negra Sony Xperia V;3.51;5.0;Si;19;0.2
59506;1;152;Funda TPU para Samsung Galaxy Mega Negra;2.44;3.0;Si;18;1.0
58143;1;152;Soporte de bici para Samsung Galaxy S4;8.22;11.0;Si;77;1.0
51079;2;227;TP-Link TL-MC1400 Base Expansión Rack 14 Bahías;74.34;93.0;Si;53;1.0
55894;3;114;Leotec MP3 SD/USB Player FM Transmitter;9.05;12.0;Si;30;0.4
55265;3;152;Cable USB ELM 327 Diagnóstico VAG-COM;18.97;25.0;Si;26;0.4
46186;3;152;Transmisor FM / Manos Libres Bluetooth Rojo;16.49;21.0;Si;53;0.4
45783;3;152;Transmisor FM / Manos Libres Bluetooth Gris;16.49;21.0;Si;95;0.4
51560;3;236;Unotec 4Free Manos Libres Para Coche;16.49;21.0;Si;6;0.2
47860;4;14;Arctic Cooling PST Cable;5.58;8.0;Si;15;0.2
36087;4;42;Cooltek Tornillos Antivibraciones;3.26;5.0;Si;14;0.2
30191;5;38;Conceptronic Adaptador HD IDE/SATA 2.5/3.5 USB;15.66;20.0;Si;26;1.0
52391;5;134;Adaptador Bahía de 2.5 a 3.5;3.51;5.0;Si;12;0.2
53586;5;43;Corsair Adaptador SSD de 2.5 a 3.5;4.09;6.0;Si;36;0.2
56085;5;152;Icy Box IB-AC602A Funda Para HDD 3.5;9.92;13.0;Si;23;0.3
54439;5;203;Silverstone TS08 Adaptador 2.5 a CDSlim 9.5mm;12.19;16.0;Si;1;0.3
53688;7;121;Logitech Ultrathin Keyboard Cover Blanco iPad;69.42;87.0;Si;25;1.0
57086;7;152;Adaptador iPad/iPhone a VGA;17.36;23.0;Si;5;0.2
52867;8;152;Adaptador Tarjeta Nano SIM a Micro SIM/SIM;2.07;3.0;Si;19;0.1
45066;8;152;Protector Pantalla/Carcasa iPhone 4/4S;1.03;1.0;Si;25;0.1
41644;8;152;Mini teclado Bluetooth iPhone/iPad/PS3/Android;11.36;15.0;Si;30;0.2
53312;9;152;Soporte de Coche Ventosa para iPhone5;5.74;8.0;Si;24;0.5
52974;9;152;Brazalete Deportivo iPhone 5;4.92;7.0;Si;27;0.3
56501;9;25;Belkin Ease-Fit Para iPhone 5;13.18;17.0;Si;11;0.3
54008;11;206;Sony Funda eBook PRS-T1/T2 Blanca;13.18;17.0;Si;14;0.3
57408;11;152;Funda Wake-Up para Kindle Paperwhite Negra;7.64;10.0;Si;12;0.3
50018;11;152;Protector de pantalla para ebook 6;2.69;4.0;Si;29;0.1
54999;11;245;Funda Polipiel Roja para eBook 6 + Lámpara;16.32;21.0;Si;86;0.5
51744;13;64;Energy Sistem C600 Pink Cloud XL;2.44;3.0;Si;17;0.2
44113;14;152;Protector de pantalla para Nintendo 3DS;1.61;2.0;Si;53;0.1
36072;14;152;Kit 4 touch pen stylus Nintendo DSi;1.86;3.0;Si;18;0.2
38134;15;60;Dragon Rechargeable Triple Power Pack Wii + USB Charger;5.74;8.0;Si;25;0.8
43968;17;24;Beat Collection Beat Tablet Base Multifunción;16.49;21.0;Si;83;6.0
44376;17;152;Protector Netbook 10 3en1 Pantalla/Teclado/Carcasa;4.09;6.0;Si;13;0.2
46699;19;206;Sony Wireless Stereo Headset 7.1 PS3;72.69;91.0;Si;41;2.5
53616;19;230;Tritton Kunai Stereo Headset PS3/PS Vita Rojo;37.19;48.0;Si;12;1.5
53613;19;230;Tritton Kunai Stereo Headset PS3/PS Vita Blanco;37.19;48.0;Si;34;1.5
47262;19;60;Dragon PS3 Slim Travel Bag;11.53;15.0;Si;37;3.0
55883;19;206;Sony PS3CADDY Soporte Para Disco Duro PS3;9.88;13.0;Si;67;0.3
55271;19;152;Gioteck Ultimate Pack:Bluetooth Headset+Cable HDMI+Triggers;18.97;25.0;Si;26;0.5
56083;19;152;Micrófonos Inalámbricos Singstar PS2/PS3;19.79;26.0;Si;33;1.0
37381;20;152;HORI Protector de pantalla PSP GO;0.79;1.0;Si;14;0.1
56108;22;152;Ego Funda Universal Woman Brown;1.61;2.0;Si;44;0.2
56544;22;152;Cargador de red  micro USB 1A;4.75;7.0;Si;12;0.3
58614;22;12;Approx Kit Cargador Smartphone 4 en 1 1A;9.88;13.0;Si;24;0.5
58560;22;152;Funda Impermeable Blanca para iPhone/Smartphone hasta 5;5.74;8.0;Si;40;0.3
58555;22;152;Funda Impermeable Azul para iPhone/Smartphone hasta 5;5.74;8.0;Si;24;0.3
56548;22;152;Cargador/Batería Solar Micro USB;11.53;15.0;Si;50;0.25
56540;22;152;Base/Cargador de inducción Qi Inalámbrico;26.4;34.0;Si;14;0.5
53200;22;236;Unotec Soporte de Coche DualMount 2xUSB;10.7;14.0;Si;74;0.5
53808;23;165;Adaptador de Formato 3.5 a Bahia 5.25 Externo Pack x2;6.57;9.0;Si;20;0.3
54677;24;79;Genius BT-100R Receptor Audio Bluetooth;16.32;21.0;Si;19;0.3
38072;24;165;Adaptador Audio Jack 3.5 Hembra/Hembra;1.03;1.0;Si;43;0.2
48260;24;78;Adaptador Audio Minijack 2.5 Hembra A 3.5 Macho;0.62;1.0;Si;15;0.2
37920;24;152;Adaptador USB Audio con Volumen;8.47;11.0;Si;27;0.4
44208;26;227;TP-Link TL-WN821NC Adaptador Wireless N USB 300M;10.95;14.0;Si;11;0.3
36853;26;227;TP-Link TL-WN722N Adaptador USB WiFi 802.11n Atheros;11.36;15.0;Si;77;0.5
36727;26;227;TP-Link TL-WN821N Adaptador USB Wireless N 300M;11.53;15.0;Si;28;0.3
55455;26;17;Asus USB-N53 Dual-Band Wireless N600;23.97;31.0;Si;1;0.3
51715;26;12;Approx USB WiFi 11n Ralink 3070L 2W + 7dBi;15.91;21.0;Si;5;0.3
58590;26;12;Approx Adaptador Inalámbrico N 300Mbps Nano USB;10.66;14.0;Si;3;1.0
58615;26;12;Approx adaptador Inalámbrico 150Mbps Nano USB;8.22;11.0;Si;88;0.5
11730;27;165;Adaptador PS2 A USB (usba-m A Minidin6-h);1.45;2.0;Si;31;0.2
58327;28;152;Cable Adaptador HDMI a VGA con Audio;13.02;17.0;Si;24;0.4
57020;30;43;Corsair MM600 Alfombrilla Gaming Reversible;30.58;40.0;Si;9;0.2
48740;30;183;Razer Goliathus Alpha Control Fragged;20.66;27.0;Si;34;0.4
48529;30;4;AeroCool Strike-X Pad Alfombrilla Gaming Mouse Pad;8.06;11.0;Si;29;0.3
47737;30;188;Roccat Alfombrilla Reversible de Aluminio Gaming Mousepad;29.75;39.0;Si;18;1.5
21869;30;210;SteelSeries Steelpad QCK+ XL;10.7;14.0;Si;10;0.5
48362;30;210;SteelSeries 9HD;23.97;31.0;Si;9;1.0
58580;31;12;Approx Cargador de Coche USB 2.1A;7.4;10.0;Si;4;0.01
42521;31;152;Cargador Coche Universal Micro USB+Mini USB;4.55;6.0;Si;21;0.3
43765;32;165;Mini Altavoz Cápsula Morado;6.57;9.0;Si;53;0.5
59480;32;192;Samsung HW-F350 2.1 Barra de Sonido120W;90.91;114.0;Si;20;4.0
50670;32;79;Genius GX Gaming SW-G2.1 1250 2.1;34.71;45.0;Si;19;5.5
49527;32;236;Unotec MaxCube Altavoz MP3 Slot MicroSD Negro;12.36;16.0;Si;7;0.3
38828;32;88;Hercules XPS 2.1 35 25W;30.58;40.0;Si;22;5.0
52260;32;236;Unotec Maxround Mini Altavoz Bluetooth;19.79;26.0;Si;16;0.4
45513;32;245;Woxter Big Bass 260 2.1 150W;33.02;43.0;Si;33;10.0
54747;32;236;Unotec Jaxter Altavoz MP3 Negro;20.62;27.0;Si;16;0.4
53459;32;121;Logitech Pure-Fi Express Plus MP3/MP4/iPod/iPhone Azul;30.54;40.0;Si;39;5.0
45275;32;152;New Life Style HS-V4 Music System For iPhone/iPod Black;16.49;21.0;Si;22;2.5
47282;32;79;Genius SP-U115 1.5W RMS Negro;6.57;9.0;Si;29;1.0
55370;32;88;Hercules XPS Diamond 2.0 USB;19.83;26.0;Si;3;1.2
56241;32;231;Trust Raina 2.1 USB Subwoofer Speaker Set;14.26;19.0;Si;76;1.5
53721;32;236;Unotec MaxCube Plus Altavoz MP3 USB/Radio Azul;14.01;18.0;Si;34;0.3
49594;32;51;Dell AX510PA Barra de sonido para monitores panorámicos;18.97;25.0;Si;17;1.5
39967;32;121;Logitech Surround Sound Speakers Z506 5.1;57.81;72.0;Si;16;10.0
59517;32;152;Audio Retro Van Radio/MP3 Roja;23.97;31.0;Si;5;1.0
59574;32;38;Conceptronic Altavoz Inalámbrico Flotante Rosa;40.5;53.0;Si;19;0.3
56795;32;236;Unotec Jaxter Altavoz MP3 Azul;20.62;27.0;Si;9;0.4
56796;32;236;Unotec Jaxter Altavoz MP3 Gris;20.62;27.0;Si;20;0.4
59018;32;152;Gear4 StreetParty Wireless Azul;25.62;33.0;Si;50;0.5
59166;32;12;Approx Go&Play Altavoz Portátil Azul;12.36;16.0;Si;28;0.2
57961;32;31;BQ Avhra Vivaldi Altavoces Bluetooth;24.75;32.0;Si;7;1.0
55662;32;38;Conceptronic Bluetooth 3.0 Travel Stereo Azul;12.19;16.0;Si;29;0.5
55660;32;38;Conceptronic Bluetooth 3.0 Travel Stereo Blanco;11.53;15.0;Si;59;0.5
50671;32;79;Genius GX Gaming SW-G2.1 3000 2.1;56.16;70.0;Si;21;5.5
37421;32;38;Conceptronic Portable USB Tube Speakers 2.0 Blanco;9.71;13.0;Si;21;1.0
58721;32;40;CoolBox X3M Altavoz Bluetooth;18.18;24.0;Si;21;0.5
58457;32;64;Energy Sistem SB5 Barra De Sonido 2.1 Bluetooth;110.74;138.0;Si;12;13.0
58733;32;40;CoolBox X5M Altavoz Bluetooth;23.97;31.0;Si;31;0.5
35883;32;152;X-MINI II Negro Altavoz Portátil;18.97;25.0;Si;36;0.5
39341;32;121;Logitech Z523 Speaker Blanco;56.2;70.0;Si;35;5.0
56004;32;152;X-MINI II Azul Altavoz Portátil;18.97;25.0;Si;50;0.5
59569;32;114;Leotec Altavoz Bluetooth + Soporte + Line In;21.49;28.0;Si;32;2.0
58570;36;152;Antena WiFi Omnidireccional para Exterior 150 Mbps;33.02;43.0;Si;45;2.0
42898;36;227;TP-Link Antena Parabólica de rejilla 24dBi/2.4GHz;39.67;52.0;Si;15;4.0
47735;36;243;WiFiSKY Antena Direccional Interior/Exterior 20dBi;13.43;17.0;Si;46;1.0
44212;36;227;TP-Link TL-ANT2405CL Antena Interior Omnidireccional 5dBi;3.26;5.0;Si;16;1.5
47215;36;227;TP-Link TL-ANT24 Antena Exterior Omnidireccional 2.4Hz 15dBi;37.19;48.0;Si;32;3.5
42552;36;227;TP-Link Antena Interior Omnidireccional 2.4GHz SMA;6.4;9.0;Si;51;1.5
58567;36;243;WiFiSKY AMP-3G2100 Repetidor 3G;103.31;129.0;Si;4;2.0
54899;37;165;Armario Rack Mural 19 27HU;295.87;355.0;Si;26;75.0
48647;38;38;Conceptronic Surface Cleaning Spray 60ml;4.34;6.0;Si;65;0.2
48651;38;38;Conceptronic Screen Cleaning Wipes Toallitas limpiadoras;4.34;6.0;Si;23;0.2
53823;40;136;Natec Rook Grey Music Headset;8.22;11.0;Si;29;1.5
50504;40;105;JVC Xtreme Xplosives HA-S4X;25.62;33.0;Si;11;1.8
54059;40;158;Ozone Rage ST Gaming Headset Rojo;23.97;31.0;Si;22;0.8
49279;40;170;Plantronics Gamecom 780 7.1 Gaming Headset USB;41.28;54.0;Si;60;2.5
53600;40;232;Thermaltake Tt eSPORTS Shock Stereo Surround Sound Blanco;31.4;41.0;Si;5;1.5
58805;40;40;CoolBox Bluetooth H2;20.66;27.0;Si;34;0.2
53821;40;136;Natec Eagle Grey Music Headset;8.22;11.0;Si;44;1.5
49657;40;152;Unotec Pitaly Auricular Bluetooth Manos Libres;20.66;27.0;Si;3;1.0
48318;40;206;Sony RF810RK Auriculares Inalámbricos;24.75;32.0;Si;58;2.5
43400;40;211;SuperLux HD 668B;19.01;25.0;Si;9;2.5
52757;40;145;Nox Krom Krush Stereo Gaming Headset;17.36;23.0;Si;45;1.5
53346;40;38;Conceptronic Entry Level Auricular con Micrófono;8.06;11.0;Si;38;0.5
49640;40;152;Auricular Bluetooth Manos libres;16.32;21.0;Si;22;1.0
53214;40;17;Asus HS-W1 Wireless Headset;40.45;53.0;Si;26;1.5
51187;40;201;Sharkoon X-Tatic SP Plus PC/PS3/Xbox 360;41.28;54.0;Si;24;2.5
54095;40;158;Ozone Rage 7HX 7.1 Gaming Headset USB Negro;41.28;54.0;Si;52;1.0
54695;40;121;Logitech H340 Headset USB;22.31;29.0;Si;12;1.0
59557;40;44;Creative Hitz MA2300 Azul;27.27;35.0;Si;14;0.13
53951;40;167;Philips SHS3201 Auricular Botón con Gancho;8.22;11.0;Si;12;0.2
56017;40;200;Sennheiser PMX 685i Sports;38.02;49.0;Si;31;1.0
56250;40;183;Razer Kraken Pro Negro;60.33;75.0;Si;17;1.3
49209;40;181;QooPro Auriculares Star Multimedia MicroSD/FM Rojo;15.66;20.0;Si;37;1.0
56127;40;210;SteelSeries Siberia V2 Naranja;56.2;70.0;Si;12;1.5
57669;40;121;Logitech G430 Gaming Surround Sound 7.1;56.16;70.0;Si;26;2.0
54229;40;167;Philips SHE2001 Auriculares Intrauditivos;4.92;7.0;Si;5;0.3
54939;40;210;SteelSeries Siberia V2 Blanco;56.2;70.0;Si;44;1.5
43442;40;211;SuperLux HD 681B;13.84;18.0;Si;31;2.5
58486;40;230;Tritton PRO Plus Gaming Headset 5.1 Negro;118.18;148.0;Si;13;2.0
58123;40;121;Logitech H150 Stereo Headset Rosa;9.05;12.0;Si;25;1.5
51095;40;206;Sony MDR-ZX100 Auricular Blanco;13.18;17.0;Si;19;1.0
54729;40;183;Razer Kraken Pro Verde;60.33;75.0;Si;8;1.3
55150;40;105;JVC HA-RX300 Auriculares Headset Negros;12.81;17.0;Si;42;0.3
57929;40;234;Turtle Beach Ear Force Z11;24.75;32.0;Si;17;1.0
57923;40;234;Turtle Beach Ear Force P11 HS EU;31.36;41.0;Si;38;1.0
52436;42;251;Zotac ZBox Nano AD12;202.48;243.0;Si;33;2.5
51109;42;251;Zotac ZBOX SD-ID14-E;106.61;133.0;Si;43;3.0
57261;43;152;Batería de Portátil Asus K43/K53/X43/X53/A43/A53;25.62;33.0;Si;52;3.0
56669;43;152;Batería de Portatil HP DV4/DV5/G50/CQ40/CQ45/CQ50/CQ60/CQ70;25.62;33.0;Si;3;3.0
56670;43;152;Batería de Portatil HP Pavilion DV7/DV8;25.62;33.0;Si;1;3.0
56929;43;152;Batería de Portatil Dell XPS14/XPS15/XPS17/XPS L701/XPS L501;25.62;33.0;Si;44;3.0
56949;45;33;Toner Compatible Brother Tn3060 Negro Hl 5170dn/5140/5130;18.18;24.0;Si;16;1.5
49476;45;78;Brother Compatible LC1280 XL Negro;1.61;2.0;Si;7;0.3
45025;45;152;Toner Compatible Brother TN2220 Negro;13.02;17.0;Si;10;2.5
50434;45;152;Toner Compatible Brother TN230C Cian;19.83;26.0;Si;5;2.5
49480;45;78;Brother Compatible LC1280 XL Amarillo;1.61;2.0;Si;32;0.3
44220;45;78;Brother Compatible LC985BK Negro;1.45;2.0;Si;26;0.2
44221;45;78;Brother Compatible LC985Y Amarillo;1.45;2.0;Si;11;0.2
44223;45;78;Brother Compatible LC985M Magenta;1.45;2.0;Si;34;0.2
27860;45;78;Brother Compatible LC-900BK Negro;1.45;2.0;Si;48;0.2
50354;46;33;Brother LC1240VAL Value Pack;45.45;59.0;Si;13;0.3
47032;46;33;Brother LC1220BK Tinta Negra;12.6;16.0;Si;45;3.0
50353;46;33;Brother LC1240Y Amarillo;12.19;16.0;Si;37;0.3
53173;46;33;Brother LC1000 Value Pack;36.36;47.0;Si;4;0.4
41761;49;165;Cable Audio Minijack 3.5mm. Macho-Hembra 1.5m;0.79;1.0;Si;20;0.2
40320;49;165;Cable Audio Minijack 3.5mm. Macho-Hembra 2.5m;1.45;2.0;Si;40;0.25
48603;49;165;Cable Audio Vídeo RCA Macho/Macho 1.5m;2.27;3.0;Si;48;0.2
13074;49;165;Cable Euroconector/Scart Macho-Macho 1.5m;2.27;3.0;Si;20;0.2
56753;49;21;Cable Coaxial Antena Analogico 25m;6.57;9.0;Si;18;0.2
58868;50;152;Cargador 3in1 Coche/Casa iPhone/iPad;6.57;9.0;Si;3;0.4
53413;50;11;Apple Cable Conector Lightning a USB;14.83;19.0;Si;26;0.2
54167;50;152;Cargador 2 en 1 Red/USB para Iphone 5;8.22;11.0;Si;23;0.2
56896;52;152;Bobina 100m Cable Red Rígido UTP Cat. 6 10/100/1000;23.14;30.0;Si;51;6.0
55330;52;165;Duplicador Conector de red RJ45 Macho a 2xRJ45 Hembra Cat 5e;4.34;6.0;Si;44;0.1
37582;52;58;Digitus Cable de Red RJ45 UTP Cat.6 10/100/1000 Gris (20m);11.36;15.0;Si;10;5.0
10203;52;58;Digitus Cable de Red RJ45 UTP Cat.5e 10/100 Gris (1.8m);1.61;2.0;Si;60;0.2
52153;52;67;Roseta de Superficie Cat6 Conector Red Hembra RJ45;2.27;3.0;Si;31;0.1
57890;52;152;Logilink Bobina 100m Cable de Red Flexible UTP Cat 5e;13.18;17.0;Si;16;2.0
56901;52;152;Logilink Cable de Red RJ45 FTP Cat.5e 10/100/1000 Gris 305m;35.54;46.0;Si;12;9.0
48802;53;58;Digitus Cable DisplayPort Macho/Macho 3m;8.06;11.0;Si;1;1.0
46181;53;194;Sapphire Mini-DisplayPort to DVI-SL Eyefinity Adapter;19.79;26.0;Si;1;0.2
57004;54;152;Cable Duplicador Pasivo VGA Macho a 2x VGA Hembra;3.26;5.0;Si;39;0.2
43494;55;67;Cable DVI-D Macho a DVI-D Macho 5m;8.22;11.0;Si;28;1.5
28052;55;67;Cable DVI-D Macho a DVI-D Macho 3M;5.74;8.0;Si;21;0.9
20068;55;165;Adaptador DVI a VGA (DVI-I-Macho/HD15-Hembra);3.1;4.0;Si;23;0.2
46404;55;58;Adaptador DVI-D (24+1) Macho - DVI-I (24+5) Hembra;4.09;6.0;Si;20;0.1
51695;57;67;Cable HDMI 1.4 Macho/Macho Alta Calidad 3m;4.75;7.0;Si;27;0.4
52427;57;165;Cable HDMI Macho/Macho 1.8m Blanco;4.75;7.0;Si;7;0.2
41819;57;165;Cable HDMI a Mini HDMI 5m;7.23;10.0;Si;31;0.8
53733;57;180;QooPro Cable HDMI 1.4 Macho/Macho Rotatorio 1.8m;4.92;7.0;Si;6;0.3
55589;57;67;Cable HDMI 1.4 Macho/Macho Rotatorio 1m;4.09;6.0;Si;45;0.3
53523;57;67;Cable HDMI 1.4 Macho/Macho Eco 15m;20.66;27.0;Si;6;3.0
57136;58;28;BitFenix 6+2-Pin PCI Express;8.22;11.0;Si;11;0.3
39176;58;165;Cable Alimentación Molex 4 Pines Macho a SATA 15 Pines;1.03;1.0;Si;11;0.3
47691;58;209;StarTech Cable Fan Splitter 4 Pin PWM;4.92;7.0;Si;59;0.2
37539;58;150;NZXT CB 8P Cable Extensión Placa Base 8 Pines;6.4;9.0;Si;19;0.3
53090;58;165;Cable Adaptador Alimentación ATX 8 pines a 4 pines;1.45;2.0;Si;27;0.1
59600;62;152;Cable Helicoidal USB a Micro USB;2.44;3.0;Si;10;0.1
58973;62;31;BQ Adaptador Micro USB OTG para Tablets BQ;7.64;10.0;Si;3;0.2
49929;62;152;Cable USB OTG Micro USB Macho - USB Hembra;1.61;2.0;Si;9;0.2
46434;62;165;Cable USB 2.0 a Mini USB 3m M/M;2.27;3.0;Si;26;0.1
52200;62;152;Cable USB A Macho a Mini USB B Macho 5m;2.69;4.0;Si;41;0.3
10886;62;67;Cable USB 2.0 AM/AH Alargador Macho/Hembra 1.8m;1.45;2.0;Si;34;0.2
50570;62;152;Cable USB OTG Mini USB Macho - USB Hembra;2.69;4.0;Si;11;0.2
46809;63;209;StarTech Adaptador Vídeo USB a VGA Múltiples Monitores;37.19;48.0;Si;6;1.5
44797;64;152;Cargador iPad/iPhone 2en1 USB;7.4;10.0;Si;14;0.3
52176;64;165;Cargador de pared USB 5V 2A;4.92;7.0;Si;15;0.3
51328;65;201;Sharkoon 8-Bay Raid Station USB3.0;260.33;312.0;Si;43;8.0
56626;65;164;Patriot Gaunlet Node 2.5 USB 3.0 WiFi;67.77;85.0;Si;28;0.6
40888;65;201;Sharkoon SATA QuickPort Home;33.02;43.0;Si;8;3.5
44682;65;201;Sharkoon QuickStore Portable Pro USB 2.0 2.5 Silver;11.36;15.0;Si;26;1.0
55402;65;97;Icy Dock MB994SP-4SB-1 4 x 2,5 SATA 6GB/s;48.76;63.0;Si;40;2.5
44166;65;201;Sharkoon QuickStore Portable Pro USB 3.0 2.5 Black;13.18;17.0;Si;22;1.0
49119;65;215;Tacens Portum DUO II USB 3.0 2.5/3.5;26.4;34.0;Si;4;0.5
43327;65;201;Sharkoon 5-Bay Raid Box USB 3.0;121.49;152.0;Si;11;4.5
54389;67;192;Samsung Galaxy Camera EK-GC100 16MP 3G Blanca;268.6;322.0;Si;7;1.5
58788;67;34;Canon Ixus 132 16MP Negro;90.08;113.0;Si;11;1.0
55262;67;154;Olympus VR-340 Negro 16MP+Funda+SD 8GB;77.69;97.0;Si;21;2.5
52564;67;34;Canon EOS 1100D 12MP + 18-55MM III 12MP;268.6;322.0;Si;27;3.5
58665;67;192;Samsung WB800F Azul Oscuro;151.24;181.0;Si;16;1.0
50289;67;26;BenQ GH200 14.1MP Gran Angular;51.2;64.0;Si;13;1.3
56674;67;192;Samsung WB210 14.1MP Negra;98.35;123.0;Si;27;1.5
48729;68;227;TP-Link TL-SC4171G Cámara de seguridad WiFi  Pan/Tilt;115.7;145.0;Si;8;2.5
59125;68;47;D-Link DCS-5222L Cámara de seguridad WiFi Visión Nocturna;172.73;207.0;Si;86;0.54
53255;69;152;Canon Compatible CLI-521C Pixma MP620/630/980/IP3600 Cian;1.86;3.0;Si;27;0.3
43473;69;78;Canon Compatible PG40 Negro;13.43;17.0;Si;31;0.3
50390;69;152;Canon Compatible PGI5BK-G Negro IP33000/4200/4300;2.27;3.0;Si;18;0.3
48249;70;34;Canon CLI-526BK Cartucho Negro;11.36;15.0;Si;26;0.2
48267;70;34;Canon PGI-525PGBK Cartucho Negro;12.36;16.0;Si;60;0.3
52175;73;165;Cargador de coche para Tablets 2.35mm 5V 2A;5.74;8.0;Si;6;0.5
52826;74;12;Approx Adaptador Universal Portátil Coche/Pared +USB;17.31;23.0;Si;20;0.7
55351;74;38;Conceptronic Adaptador Universal Portátil 65W;18.18;24.0;Si;10;0.7
34430;75;239;Verbatim DVD-R DL Doble Capa 4x 8.5GB Caja 5 Unidades;8.22;11.0;Si;36;1.0
44796;75;239;Verbatim Blu-Ray Disc Doble Capa 50GB 6x 5 Pack Jewel Case;34.71;45.0;Si;4;0.5
34431;75;239;Verbatim DVD +R DL Doble Capa 8x 8.5GB Caja 5 Unidades;9.05;12.0;Si;43;1.0
27420;75;239;Verbatim DVD+R 16x 4.7GB Bobina 25 Unds;8.22;11.0;Si;28;1.6
51801;75;239;Verbatim Blu-ray 25GB 6x Tarrina 25 Unds;33.02;43.0;Si;70;1.0
55588;75;167;Philips DVD+R  16x 4.7GB 50 Unds;10.7;14.0;Si;31;1.5
50639;76;91;Honeywell MS-1202g Voyager Lector Código Barras Bluetooth;227.27;273.0;Si;17;1.0
57744;76;125;Metrologic Voyager MS-9520 Lector Código Barras Serie Negro;91.74;115.0;Si;19;1.5
46039;76;91;Honeywell Dolphin 6000 Smartphone Lector Código Barras;343.8;413.0;Si;66;0.5
59567;76;91;Honeywell MS9590 Voyager GS Scanner;69.42;87.0;Si;40;1.0
58416;77;181;QooPro HUB2.0 + Lector de Tarjetas;4.09;6.0;Si;32;0.2
53773;77;38;Conceptronic 4-Ports Cube USB 2.0 Hub;4.92;7.0;Si;45;0.3
42620;77;165;Adaptador Mini USB Macho a USB Hembra;1.45;2.0;Si;25;0.1
43855;77;188;Roccat Apuri Bungee Hub USB;23.14;30.0;Si;41;1.0
57525;78;152;Bobina de filamento ABS Premium Verde 700g;31.36;41.0;Si;23;0.7
57524;78;152;Bobina de filamento ABS Premium Blanco 700g;31.36;41.0;Si;8;0.7
31239;81;90;Hitachi Travelstar HD 2.5 80GB IDE/ATA;37.15;48.0;Si;12;0.35
34044;81;242;WD Scorpio Black 2.5 320GB 7200RPM SATA;45.45;59.0;Si;66;0.5
59269;83;198;Seagate SSHD 2TB SATA 3;99.17;124.0;Si;4;1.0
46949;83;242;WD Caviar Blue 500GB SATA3 Recertified;34.71;45.0;Si;25;1.0
53734;83;242;WD Caviar Green 2.5TB SATA2 Recertidied;78.51;98.0;Si;7;1.2
40900;83;242;WD Caviar Black 1TB SATA3 ReCertified;41.28;54.0;Si;9;0.5
51606;83;242;WD VelociRaptor 1TB SATA3;166.12;199.0;Si;32;0.8
48663;83;242;WD Caviar Green 3.5 500GB SATA3 64MB;40.45;53.0;Si;25;0.8
59316;83;226;Toshiba DT01ACA050 500GB 7200 SATA 3;38.8;50.0;Si;42;0.5
52021;83;242;WD Caviar Blue 1TB SATA3;47.89;62.0;Si;18;0.5
55340;83;242;WD Caviar Black 500GB SATA3 7200rpm;54.5;68.0;Si;14;1.0
38096;83;242;WD Caviar Black 1TB SATA3 64MB;62.77;78.0;Si;26;0.5
53377;83;90;Hitachi Deskstar 7K1000 1TB;51.2;64.0;Si;33;0.5
47289;84;109;Kingston Wi-Drive 32GB 2.5 Disco Duro WiFi;43.8;57.0;Si;4;0.5
58819;84;226;Toshiba STOR.E Partner 1TB USB 3.0 2.5 Negro;53.68;67.0;Si;16;0.5
57763;84;242;WD Elements 1TB 2.5 USB 3.0;56.16;70.0;Si;38;0.5
41801;84;112;Lacie Rikiki 2.5 500GB Disco Duro USB 3.0;57.02;71.0;Si;20;1.0
58840;84;226;Toshiba STOR.E Partner 1TB USB 3.0 2.5 Naranja;53.68;67.0;Si;6;0.5
58351;84;242;WD My Passport Ultra 1TB 2.5 USB 3.0 Plata;66.07;83.0;Si;4;0.16
56850;85;82;GigaTV HD835 Disco Duro Multimedia 2TB Doble Sintonizador HD;169.42;203.0;Si;24;1.0
59095;86;193;Sandisk Extreme II 480GB SSD;326.45;392.0;Si;64;0.5
52833;86;192;Samsung 840 Pro SSD Series 512GB SATA3 Basic Kit;313.22;376.0;Si;29;0.5
56102;86;172;Plextor PX-128M5PRO 128GB SSD SATA3;100.0;125.0;Si;26;0.8
55729;86;193;SanDisk Ultra Plus 128GB SSD SATA3;76.03;95.0;Si;9;0.3
55728;86;193;SanDisk Ultra Plus 64GB SSD SATA3;51.24;64.0;Si;55;0.3
51358;86;151;OCZ Agility 3 SATA3 2.5 SSD 480GB;246.28;296.0;Si;14;0.5
59028;86;192;Samsung 840 Evo SSD Series 500GB SATA3;233.88;281.0;Si;15;0.1
59151;86;43;Corsair Force LS 120GB SATA III;85.12;106.0;Si;7;0.5
57158;86;45;Crucial M500 240GB SSD SATA3;128.1;160.0;Si;15;0.5
50506;86;193;SanDisk Extreme 480GB SSD SATA3;286.78;344.0;Si;62;0.3
58822;86;17;Asus RAIDR Express SSD 240GB PCI;260.33;312.0;Si;17;0.5
53714;86;151;OCZ Vector SATA3 2.5 SSD 256GB;213.22;256.0;Si;34;0.5
51458;86;193;SanDisk SSD 128GB SATA3;64.42;81.0;Si;12;0.3
50030;86;109;Kingston HyperX SSD 3K 120GB Upgrade Bundle Kit;92.56;116.0;Si;11;0.3
57021;87;136;Nactec Xtreme Media MyDitto NAS 2 HD;66.07;83.0;Si;30;2.5
49376;87;214;Synology DiskStation DS412+ SATA 4HD;443.8;533.0;Si;22;5.0
49375;87;214;Synology DiskStation DS112J NAS SATA;109.92;137.0;Si;17;5.0
51587;87;115;LevelOne GNS-1001 NAS 1HD;49.59;64.0;Si;15;1.0
59224;87;120;LogiLink WiFi HDD Enclosure LogiCloud;49.59;64.0;Si;32;1.0
59542;87;214;Synology RackStation RS214;341.32;410.0;Si;32;6.0
49392;87;242;WD MyBook Live Duo 6TB NAS;296.69;356.0;Si;69;5.0
57898;87;214;Synology DiskStation DS213J RED NAS 2x1TB;252.07;302.0;Si;12;3.5
54273;87;242;WD MyBook Live Duo 8TB  NAS;400.83;481.0;Si;22;5.0
59225;87;120;LogiLink WiFi Docking LogiCloud;46.28;60.0;Si;58;1.0
54908;87;214;Synology DiskStation DS413j RED NAS 4x3TB;690.08;828.0;Si;10;8.0
55341;89;87;Hauppauge HD PVR2 Gaming Edition Plus;123.14;154.0;Si;34;1.0
58572;89;12;Approx Capturador de Video USB 2.0;14.05;18.0;Si;33;0.43
51562;89;87;Hauppauge Colossus Capture H.264;95.04;119.0;Si;11;3.0
58930;90;152;Pulsera UP by Jawbone Talla L Negra;104.96;131.0;Si;56;0.01
57533;91;152;Epson Compatible T1803 Magenta XP-102/XP-205/XP-305/XP-405;4.92;7.0;Si;56;0.3
57532;91;152;Epson Compatible T1802 Cian XP-102/XP-205/XP-305/XP-405;4.92;7.0;Si;6;0.3
11646;91;152;Epson Compatible T0481 Negro Series RX/R;1.45;2.0;Si;24;0.2
10254;91;78;Epson Compatible T0443 Magenta  C64/C66/C82/C84/CX3650;1.45;2.0;Si;3;0.2
10088;91;78;Epson Compatible T040 Negro C62/CX3200;1.45;2.0;Si;21;0.2
10078;91;78;Epson Compatible T028401 Negro Stylus C-60;1.45;2.0;Si;29;0.5
46304;91;152;Epson Compatible T1292 Cian BX305/BX525/BX625;3.1;4.0;Si;32;0.3
12582;92;66;Epson T0441 Negro Stylus Color C64/c84/ Cx3650;21.49;28.0;Si;25;0.2
12584;92;66;Epson T0442 Cian Stylus Color C64/c84 /cx3650;16.32;21.0;Si;16;0.2
38671;92;66;Epson T0483 Magenta Stylus Color Series RX/R;18.18;24.0;Si;52;0.3
12579;92;66;Epson T0422 Cian Stylus Color;15.5;20.0;Si;5;0.2
38672;92;66;Epson T0484 Amarillo Stylus Color Series RX/R;18.18;24.0;Si;55;0.3
51108;92;66;Epson Toner Negro C1700/1750/CX17;55.37;69.0;Si;56;1.5
12591;92;66;Epson T0485 Light Cian Stylus Color Series RX/R;18.18;24.0;Si;4;0.2
53698;92;66;Epson T1803 Magenta XP-102/XP-205/XP-305/XP-405;8.06;11.0;Si;8;0.3
55359;92;66;Epson 26 Multipack XP-600/XP-605/XP-700/XP-800;28.93;38.0;Si;25;0.3
54659;92;66;Epson T1294 Amarillo STYLUS SX230/235W/420W/425W;12.36;16.0;Si;32;0.3
55629;93;236;Unotec Kadok II Conversor digital de diapositivas;49.55;64.0;Si;6;1.0
46986;94;201;Sharkoon Hub Frontal 2 USB 3.0;9.05;12.0;Si;1;0.6
52650;95;215;Tacens Radix VI 750W;39.63;52.0;Si;15;2.0
48532;95;4;AeroCool Strike-X Power 600W;47.07;61.0;Si;44;4.0
45177;95;41;Cooler Master GX 750W V2;66.07;83.0;Si;24;3.0
35180;95;22;B-Move Fuente Alimentacion 500W;14.67;19.0;Si;17;3.0
52670;95;215;Tacens Radix VI 550W;27.23;35.0;Si;73;2.0
44092;95;43;Corsair CX600 V2 600W Builder Series 80 Plus Bronze;52.07;65.0;Si;42;2.0
51544;95;43;Corsair GS700 V2 700W Gaming Series;66.07;83.0;Si;11;3.0
51761;95;43;Corsair HX1050 V2 1050W 80 Plus Gold;152.07;182.0;Si;10;2.0
53510;95;145;Nox Urano TX 850W;56.2;70.0;Si;17;2.0
44151;95;9;Antec HCG-900 High Current Gamer 900W;102.48;128.0;Si;49;4.0
59494;95;152;Lepa G1600 1600W 80 Plus Gold;194.21;233.0;Si;14;2.8
56872;95;114;Leotec Fuente ATX Basic 600W;14.46;19.0;Si;53;2.0
55382;95;4;AeroCool Templarius Imperator 850W 80 Plus Silver;86.78;108.0;Si;43;3.0
55383;95;4;AeroCool Templarius Imperator 550W 80 Plus Bronze;33.02;43.0;Si;10;2.0
58911;95;114;Leotec Fuente ATX Game 550W;25.62;33.0;Si;3;3.5
55503;95;201;Sharkoon WPM 600W Modular;45.41;59.0;Si;7;3.0
36582;95;222;Thermaltake Dr. Power PSU Tester;9.88;13.0;Si;27;0.5
53958;95;43;Corsair AX860 860W 80 Plus Platinum;137.19;171.0;Si;9;2.0
55609;95;43;Corsair VS650 650W;45.45;59.0;Si;12;2.0
59154;96;108;Kensington Protector iPad 2 Back Cover Negra;8.06;11.0;Si;19;0.2
51133;96;152;Funda impermeable para iPad/Tablet;15.7;20.0;Si;54;0.5
49922;96;152;Funda Polipiel Giratoria Negra Para iPad;10.54;14.0;Si;29;0.5
44370;96;152;Funda Polipiel con soporte para iPad Negra;9.3;13.0;Si;22;0.6
51076;96;236;Unotec MaxPad Teclado+Batería para iPad;42.98;56.0;Si;4;2.0
49919;96;152;Funda Smart Cover iPad Negra;11.53;15.0;Si;17;1.0
52213;96;152;Funda Smart Cover iPad Azul;11.53;15.0;Si;38;1.0
50540;96;108;Kensington KeyFolion Funda+Teclado Bluetooth para iPad;40.5;53.0;Si;21;0.3
54123;97;152;Funda Polipiel Giratoria Blanca para iPad Mini;8.22;11.0;Si;22;0.4
54125;97;152;Funda Smart Cover Azul iPad Mini;11.36;15.0;Si;45;0.2
54124;97;152;Funda Smart Cover Negra iPad Mini;11.36;15.0;Si;30;0.2
55859;97;11;Apple iPad mini Smart Cover Gris Oscuro;28.06;36.0;Si;3;0.4
54122;97;152;Funda Polipiel Giratoria Roja para iPad Mini;8.22;11.0;Si;21;0.4
55808;97;152;Funda Negra V2 con Teclado Bluetooth para iPad Mini;14.05;18.0;Si;6;0.5
55861;97;11;Apple iPad mini Smart Cover Rosa;28.06;36.0;Si;14;0.4
55855;97;121;Logitech Ultrathin Keyboard Para iPad mini Negro;56.2;70.0;Si;21;1.2
48608;99;25;Belkin Essential Black Case iPhone 4/4S;9.71;13.0;Si;19;0.2
43420;99;152;Carcasa Aluminio Para iPhone 4/4S Negra;3.51;5.0;Si;31;0.2
44829;99;152;Funda+Batería para iPhone 4/4S Negra;13.43;17.0;Si;25;0.4
58910;99;152;Carcasa Aluminio Para iPhone 4/4S Rosa;3.51;5.0;Si;18;0.2
58912;99;152;Carcasa Aluminio Para iPhone 4/4S Azul;3.51;5.0;Si;21;0.2
58914;99;152;Carcasa Aluminio Para iPhone 4/4S Violeta;3.51;5.0;Si;37;0.2
56989;100;129;Mophie Juice Pack Helium Funda Batería iPhone 5 Gris;49.55;64.0;Si;40;0.3
57988;100;152;Funda Flip Cover Negra para iPhone5;5.74;8.0;Si;58;0.1
56037;100;152;Funda Aluminio Violeta para iPhone5;2.48;3.0;Si;25;0.1
52567;100;25;Belkin Shield Sheer Matte Case iPhone 5;10.12;13.0;Si;16;0.2
53853;100;152;Teclado+Funda Bluetooth iPhone 5;19.01;25.0;Si;26;0.3
59464;101;17;Asus Travel Cover Para Nuevo Nexus 7 Gris Oscuro;14.01;18.0;Si;6;1.0
59584;101;152;Funda Universal Tablet 10 Diseño Real Madrid Blanco;21.49;28.0;Si;10;0.4
55308;101;152;Funda Universal Morada para Tablet PC 10 con soporte;10.7;14.0;Si;28;0.4
55006;101;192;Samsung Book Cover Galaxy Tab 2 7 Rosa;23.97;31.0;Si;8;0.7
59112;101;192;Samsung Book Cover Galaxy Tab 3 10 Negro;29.75;39.0;Si;27;0.7
56681;101;152;Funda Polipiel Giratoria Morada Samsung Galaxy Note 10.1;10.95;14.0;Si;26;0.5
55786;101;192;Samsung Funda Trifolio Gris para Galaxy Note 10.1;29.71;39.0;Si;15;0.4
58463;101;152;Funda Universal Azul Para Tablet PC 7 con Soporte;8.06;11.0;Si;16;0.4
58974;101;25;Belkin Funda Trifolio para Samsung Galxy Tab 3 7;15.66;20.0;Si;29;0.2
57143;101;32;Brigmton Funda Silicona Azul para BTPC-5;8.06;11.0;Si;6;0.4
52635;101;180;QooPro Funda Polipiel para Samsung Galaxy Tab 10.1 Negra;4.09;6.0;Si;7;0.3
58573;101;12;Approx Funda Efecto Ladrillo Hasta 7 Negro;8.06;11.0;Si;12;0.2
55639;101;152;Funda Polipiel Giratoria Roja Samsung Galaxy Note 10.1;10.95;14.0;Si;7;0.3
56182;101;152;Funda Universal para Tablet PC 9.7 Roja con soporte;10.7;14.0;Si;3;0.4
55175;101;152;Funda Universal Morada para Tablet PC 8 con soporte;8.22;11.0;Si;17;0.4
55643;101;152;Funda Polipiel Giratoria Verde Samsung Galaxy Note 10.1;10.95;14.0;Si;6;0.3
58322;101;114;Leotec Funda Acolchada Negra Hasta 10.1;5.74;8.0;Si;10;0.3
57442;101;162;Papyre Funda Universal para Tablet/eBook 7;14.83;19.0;Si;5;0.4
55040;101;152;Funda con teclado para Samsung Galaxy Note 10.1;23.1;30.0;Si;42;0.4
57749;101;17;Asus VersaSleeve 7 Azul;13.84;18.0;Si;9;0.3
51990;101;152;Funda Polipiel Tablet 8 Con Soporte + Teclado USB Negro;14.01;18.0;Si;16;1.2
59420;101;236;Funda 360 Galaxy Tab 3 10.1 Blanca;10.54;14.0;Si;49;0.2
54520;101;152;Funda Universal para Tablet PC 9 con soporte;10.54;14.0;Si;35;0.4
55788;101;192;Samsung Funda Trifolio Rosa para Galaxy Tab 2;29.75;39.0;Si;6;0.4
52945;101;152;Funda Smart Cover Roja Samsung Galaxy Tab 10.1;9.88;13.0;Si;16;0.3
47572;101;152;Funda de Neopreno Para Tablet/e-Book hasta 8 Azul;2.69;4.0;Si;7;0.2
51989;101;152;Funda Polipiel Tablet 7 Con Soporte + Teclado USB Negro;14.01;18.0;Si;24;1.2
51985;101;152;Funda Polipiel Tablet 10 Con Soporte + Teclado USB Rosa;15.66;20.0;Si;57;1.2
45885;101;152;Funda de Neopreno Para Tablet/e-Book hasta 8 Negra;2.69;4.0;Si;20;0.2
59140;101;217;Targus Funda para Tablet hasta 12.1 Azul;6.57;9.0;Si;23;0.2
53250;101;152;Funda Polipiel Giratoria Negra Samsung Galaxy Note 10.1;11.53;15.0;Si;39;0.3
55644;101;152;Funda Polipiel Giratoria Naranja Samsung Galaxy Note 10.1;8.26;11.0;Si;56;0.3
50498;102;136;Natec VisionR BAG-04 Funda Cámara Réflex;13.18;17.0;Si;42;0.6
50496;102;136;Natec VisionR BAG-012 Funda Rígida Cámara Compacta;4.09;6.0;Si;50;0.3
50500;102;136;Natec VisionR BAG-06 Funda Cámara Réflex;11.53;15.0;Si;28;1.5
50495;102;136;Natec VisionR BAG-01B Funda Rígida Cámara Compacta;4.09;6.0;Si;9;0.3
50507;102;136;Natec VisionR BAG-02 Funda Cámara Compacta;4.92;7.0;Si;19;0.3
54310;102;136;Natec VisionR BAG-052 Funda Cámara Reflex;9.88;13.0;Si;9;0.4
59451;103;152;Robot Android Decoración;5.74;8.0;Si;5;0.1
51536;104;116;LG AG-S350 Gafas 3D Activas Adultos Bluetooth;33.02;43.0;Si;20;0.2
54357;105;136;Natec Genesis PV44 Gamepad PS3/PC Wireless;15.66;20.0;Si;2;0.4
43323;105;126;Microsoft Xbox 360 Wireless Controller for Windows Negro;35.54;46.0;Si;22;1.0
57589;105;223;Thrustmaster T-Wireless Duo Pack;24.79;32.0;Si;7;2.0
43325;105;126;Microsoft Xbox 360 Controller for Windows Negro;27.27;35.0;Si;1;2.0
47428;106;224;TomTom GPS Start Classic Western Europe;76.03;95.0;Si;43;2.5
56353;107;116;LG BH16NS40 Grabadora DVD/Blu-Ray OEM;61.98;77.0;Si;8;2.0
47808;107;119;Liteon iHAS124-04B Grabadora DVD SATA OEM;22.27;29.0;Si;29;1.0
53514;107;192;Samsung SE-208DB Grabadora DVD Slim Externa AV Azul;22.27;29.0;Si;3;1.0
53896;107;192;Samsung SN-208 Grabadora DVD Slim Interna SATA;17.36;23.0;Si;21;0.8
55387;108;152;Westar Kit Destornillador 18 piezas Electrónica/Telefonía;5.74;8.0;Si;56;0.4
37904;108;58;Digitus Herramienta Crimpadora RJ45 (8p/8c);5.74;8.0;Si;20;0.4
31046;108;166;Montaje y testeo de componentes internos del PC;37.19;48.0;Si;96;5.0
36728;108;165;Muñequera antiestática a toma de tierra;8.06;11.0;Si;30;0.3
54609;108;209;Startech Kit Destornilladores Precisión;11.53;15.0;Si;8;0.4
57894;109;192;Samsung HT-F5500 BluRay 3D Home Cinema 5.1;234.71;282.0;Si;48;12.0
59418;109;206;Sony BDVNF620 Bluray 3D Home Cinema 2.1;326.45;392.0;Si;53;7.0
12537;110;92;HP C6615DE Num15 Negro;25.62;33.0;Si;21;0.2
35961;110;92;HP C9351CE Num21XL Negro;19.01;25.0;Si;44;0.2
12523;110;92;HP C1823D Num23 Color;32.23;42.0;Si;23;0.2
15805;110;92;HP C8767E Num339 Negro;24.79;32.0;Si;31;0.2
12534;110;92;HP C4844AE Num10 Negro 69ml;28.1;37.0;Si;68;0.5
15804;110;92;HP C9363E Num344 Color;28.1;37.0;Si;85;0.2
37687;110;92;HP CD972AE Num920XL Cian;11.36;15.0;Si;22;0.3
37691;110;92;HP CD974AE Num920XL Amarillo;11.36;15.0;Si;12;0.4
37746;110;92;HP CB320EE Num364 Amarillo;8.22;11.0;Si;29;0.3
20674;110;92;Hp C9362E Num336 Negro;13.18;17.0;Si;27;0.5
30376;110;92;HP C8771EE Num363 Cian;10.54;14.0;Si;29;0.2
30381;110;92;HP C8775EE Num363 Magenta Claro;10.54;14.0;Si;47;0.2
30378;110;92;HP C8773EE Num363 Amarillo;10.54;14.0;Si;23;0.2
36610;110;92;HP CC656AE Num901 Tricolor;14.67;19.0;Si;33;0.5
53030;110;92;HP CH561EE Num301 Negro Cartucho;10.54;14.0;Si;54;0.2
35962;110;92;HP SD367AE PACK Num21/22  Negro Color;22.31;29.0;Si;21;0.4
10468;110;92;HP C6656A Num56 Negro;19.01;25.0;Si;6;0.2
49949;110;92;HP Num 950XL Negro Pro 8100/Pro 8600;23.14;30.0;Si;29;0.3
40342;111;227;TP-Link TL- SG1016D Switch 16 Puertos Gigabit 10/100/1000;61.16;76.0;Si;11;4.0
21813;111;47;D-link DES-1005D Switch 5 Puertos 10/100Mbps;12.36;16.0;Si;38;1.0
22396;111;47;D-link DGS-1005D Switch 5 Puertos Gigabit 10/100/1000Mbps;20.62;27.0;Si;12;1.5
37509;111;227;TP-Link TL-SF1005D Switch 5 puertos 10/100;9.71;13.0;Si;19;1.0
59138;111;152;LogiLink NS0033 Switch 24 Puertos 10/100/1000 Mbps;93.39;117.0;Si;30;5.0
56588;111;114;Leotec LESW8P01 Switch 8 puertos 10/100;8.68;12.0;Si;5;1.0
53237;112;184;Revoltec Cátodo Frio (CCFL) Doble Verde 30cm;8.22;11.0;Si;37;0.3
48396;112;184;Revoltec Cátodo Frio (CCFL) Doble Rojo 30cm;8.22;11.0;Si;8;0.3
51243;114;152;Soundscience Halo 6 LED Bias Lighting Kit;8.26;11.0;Si;14;0.2
55641;115;66;Epson WorkForce Pro WP-4015DN;74.34;93.0;Si;22;12.0
51702;115;192;Samsung ML-2165 Laser Monocromo;44.59;58.0;Si;24;5.0
49564;115;92;HP Officejet Pro 8100 ePrint WiFi;77.69;97.0;Si;36;6.5
34609;117;223;Thrustmaster T-Flight Stick X PC/PS3;21.49;28.0;Si;10;2.5
52313;117;79;Genius MetalStrike 3D;14.26;19.0;Si;41;1.3
57991;118;141;Fire Emblem Awakening 3DS;32.19;42.0;Si;24;0.3
57982;118;141;Donkey Kong Country Returns 3DS;28.88;38.0;Si;6;0.3
58673;118;152;Disney Infinity Starter Pack 3DS;53.72;67.0;Si;33;1.0
57994;119;141;Skylanders Starter Pack Wii;51.2;64.0;Si;29;0.4
59343;119;152;Planes (Aviones) Wii U;42.11;55.0;Si;71;1.0
59403;120;206;Grand Theft Auto IV PC;21.45;28.0;Si;24;0.1
57710;120;152;FIFA 2013 PC;14.01;18.0;Si;58;0.4
57716;120;152;Los Sims 3 Movida en la Facultad  PC;27.23;35.0;Si;37;0.4
57714;120;152;Metro Last Light Edición Limitada PC;22.26;29.0;Si;9;0.4
57794;120;152;Company of Heroes 2 PC;37.98;49.0;Si;12;0.4
58670;121;206;F1 2013 PS3;49.55;64.0;Si;51;0.4
58671;121;152;Disney Infinity Starter Pack PS3;51.24;64.0;Si;33;1.0
57703;121;206;Tomb Raider PS3;36.32;47.0;Si;42;0.4
57701;121;206;Battlefield 3 PS3;20.62;27.0;Si;38;0.4
57781;121;206;Moto GP 2013 Edición Coleccionista PS3;107.4;134.0;Si;27;1.0
58137;121;206;Dynasty Warriors 8 PS3;44.59;58.0;Si;40;0.4
57620;121;206;Pro Evolution Soccer 2013 PS3;20.62;27.0;Si;3;0.4
59401;121;206;Grand Theft Auto IV PS3;21.45;28.0;Si;33;0.1
55584;122;115;LevelOne KVM 2 Puertos PS/2;10.95;14.0;Si;13;0.5
52565;122;115;LevelOne KVM  2 Puertos USB + Audio;22.31;29.0;Si;6;0.5
44578;122;209;StarTech Kit Conmutador KVM USB + Audio 2 Puertos;28.1;37.0;Si;20;0.5
32339;122;47;D-Link DKVM-4K KVM Conmutador Teclado/Ratón/Vídeo 4 PCs;37.98;49.0;Si;4;1.0
52789;123;31;Bq Cervantes Touch;90.08;113.0;Si;22;1.2
56915;125;55;Dicota Bacpac Move 15.6/16.4;24.75;32.0;Si;6;1.5
55481;125;128;Mooster Bandolera Milano Negra hasta 16;13.18;17.0;Si;29;2.0
46998;125;38;Conceptronic Abbrazzio Funda Portátil 16 Verde Lima;12.36;16.0;Si;43;0.8
55211;125;12;Approx Bolso Asa Retro Rosa hasta 11;16.49;21.0;Si;13;1.0
42839;125;207;Soyntec Lapmotion F71 Natural Chocolate Hasta 15.6;9.05;12.0;Si;8;0.8
59367;125;168;Phoenix Oxford Mochila para Portátil hasta 17.3;15.08;20.0;Si;39;1.0
54034;125;12;Approx Maletín Basico Gris 15.6;9.88;13.0;Si;52;0.5
51796;125;92;HP Backpack 15.6/16;18.18;24.0;Si;3;1.5
34227;125;217;Targus Maletín Portátil 13.3;15.5;20.0;Si;5;1.0
58476;127;167;Philips Mando a Distancia Universal 8 en 1;8.06;11.0;Si;21;0.5
42709;129;141;Nintendo Wii/Wii U Remote Plus Azul;41.32;54.0;Si;7;1.0
36906;129;149;Nyko Mando Inalámbrico Wing Wii;14.83;19.0;Si;18;0.3
58866;129;180;QooPro Gamepad PRO Clasic Wii Negro;8.22;11.0;Si;78;2.0
47695;131;64;Energy Sistem Photo Frame 810 Deep Black Marco Digital 8;41.28;54.0;Si;25;1.5
56731;131;236;Unotec Marco Digital Vista 7;24.75;32.0;Si;33;1.5
55238;132;168;Phoenix Soporte Adaptable con Ruedas Metalico;10.12;13.0;Si;9;3.0
52870;133;228;Transcend 400x CompactFlash Card 32GB;35.54;46.0;Si;24;0.2
35686;135;74;G.Skill Performance DDR2 1066 PC2-8500 4GB 2x2GB;51.2;64.0;Si;14;0.3
42012;136;74;G.Skill Ripjaws X DDR3 1333 PC3-10666 8GB 2x4GB CL9;56.16;70.0;Si;4;0.3
42010;136;74;G.Skill Ripjaws X DDR3 1333 PC3-10666 4GB 2x2GB CL9;30.58;40.0;Si;42;0.3
45022;136;109;Kingston 4GB DDR3 1333 Para HP Proliant ML110;46.28;60.0;Si;2;0.3
44206;136;109;Kingston ValueRAM DDR3 2GB 1333 PC3-10600 CL9;18.18;24.0;Si;17;0.2
55294;136;45;Crucial Ballistix Sport DDR3 1333 PC3-10600 8GB 2x4GB CL9;62.81;79.0;Si;6;0.1
50404;137;74;G.Skill Ripjaws X DDR3 1600 PC3-12800 8GB CL10;57.02;71.0;Si;22;0.5
50260;137;74;G.Skill Ripjaws X DDR3 1600 PC3-12800 16GB 2x8GB CL9;112.4;141.0;Si;2;0.5
40036;137;109;Kingston HyperX Blu DDR3 1600 PC3-12800 2GB CL9;19.83;26.0;Si;21;0.3
55234;137;74;G.Skill TridentX DDR3 1600 PC3-12800 16GB 2x8GB CL7;123.97;155.0;Si;52;0.4
53493;137;109;Kingston HyperX Beast DDR3 1600 PC3-12800 8GB 2X4GB CL9;60.33;75.0;Si;23;0.2
43725;137;43;Corsair Vengeance PC3-12800 DDR3 1600 4GB 1x4GB CL9 Azul;28.93;38.0;Si;42;0.3
38811;137;109;Kingston HyperX DDR3 1600 PC3-12800 4GB 2x2GB CL9;42.98;56.0;Si;38;0.3
50259;137;74;G.Skill Ripjaws X DDR3 1600 PC3-12800 16GB 2x8GB CL10;110.74;138.0;Si;25;0.5
53479;138;109;Kingston HyperX Beast DDR3 1866 PC3-14900 8GB 2X4GB CL9;76.86;96.0;Si;5;0.2
57153;138;109;Kingston HyperX DDR3 1866 PC3-14900 4GB (1x4GB) CL9;36.36;47.0;Si;14;0.2
48929;139;74;G.Skill RipjawsZ DDR3 2133 PC3-17000 16GB 4x4GB CL9;130.58;163.0;Si;68;0.3
43951;139;74;G.Skill Ripjaws X DDR3 2133 PC3-17000 8GB 2x4GB CL11;58.64;73.0;Si;20;0.3
51809;139;74;G.Skill TridentX DDR3 2133 PC3-17000 16GB 2x8GB CL9;123.97;155.0;Si;2;0.2
58272;140;43;Corsair Dominator Platinum PC3-19200DDR3 2400 16GB 2x8GB CL9;242.98;292.0;Si;25;0.5
53373;140;74;G.Skill Trident X DDR3 2400 PC3-19200 16GB 4x4GB CL9;155.37;186.0;Si;46;0.3
49817;140;74;G.Skill RipjawsZ DDR3 2400 PC3-19200 8GB 2X4GB CL10;66.9;84.0;Si;8;0.2
59010;142;193;SanDisk MicroSD 16GB Android Ultra Clase 10;12.36;16.0;Si;18;0.3
54749;142;192;Samsung Pro MicroSDHC 32GB Clase 10;26.45;34.0;Si;12;0.2
58985;142;226;Toshiba MicroSDHC 32GB Clase 10 UHS-I;20.66;27.0;Si;26;0.3
59040;142;192;Samsung Plus MicroSDHC 32GB Clase 10 + Adaptador;18.14;24.0;Si;18;0.1
51523;142;193;SanDisk MicroSD 32GB Ultra Clase 10;20.66;27.0;Si;37;0.3
53922;143;192;Samsung SDHC 32GB Clase 6;14.01;18.0;Si;69;0.3
54568;143;226;Toshiba SDHC 16Gb Clase 10;10.7;14.0;Si;26;0.1
58979;143;226;Toshiba SDHC 8GB Clase 10;7.23;10.0;Si;10;0.2
55281;143;226;Toshiba Exceria Type 2 SDXC 64GB Clase 10;61.16;76.0;Si;12;0.2
57035;143;109;Kingston SDHC 8GB Clase 10;8.47;11.0;Si;6;0.2
49559;145;45;Crucial DDR333 PC2700 1GB SODIMM;28.1;37.0;Si;26;0.1
45861;147;74;G.Skill DDR3 1066 PC3-8500 4GB 2x2GB SO-DIMM Para Mac;31.4;41.0;Si;50;0.3
51769;147;109;Kingston ValueRAM 2GB DDR3 1333MHz PC3-10666 SODIMM;18.18;24.0;Si;5;0.1
44011;147;109;Kingston ValueRAM 4GB DDR3 1066MHz PC3-8500 SODIMM;32.23;42.0;Si;49;0.2
44774;147;74;G.Skill DDR3 1333 PC3-10666 8GB 2x4GB SO-DIMM Para Mac;56.16;70.0;Si;42;0.3
59172;147;74;G.Skill Ripjaws DDR3 1866Mhz PC3-14900 8GB CL10 SO-Dimm;58.64;73.0;Si;37;0.1
59168;147;74;G.Skill Ripjaws DDR3 1600 PC3-12800 4GB CL9 SO-Dimm;28.93;38.0;Si;11;0.1
59170;147;74;G.Skill Ripjaws DDR3 1600Mhz PC3-12800 8GB CL9 SO-Dimm;57.81;72.0;Si;5;0.1
47802;149;193;SanDisk Cruzer Blade 8GB USB;6.57;9.0;Si;18;0.3
52116;149;193;SanDisk Cruzer Slice 64GB USB;35.54;46.0;Si;11;0.3
51811;149;193;SanDisk Cruzer 16GB USB;9.05;12.0;Si;24;0.3
53163;149;63;Emtec C650 16GB USB 3.0;10.33;13.0;Si;10;0.3
54535;149;226;Toshiba Transmemory Hayabusa 64GB USB;23.1;30.0;Si;24;0.3
52827;149;109;Kingston DataTraveler GE9 8GB;7.4;10.0;Si;44;0.3
47806;149;193;SanDisk Cruzer Edge 8GB USB;6.57;9.0;Si;18;0.3
52656;149;109;Kingston DataTraveler 111 16GB USB3.0;10.54;14.0;Si;17;0.1
53297;149;226;Toshiba Transmemory Hayabusa 16GB USB;8.22;11.0;Si;36;0.3
54071;149;226;Toshiba Transmemory Mini Suruga 8GB USB;6.2;8.0;Si;31;0.3
47567;149;109;Kingston DataTraveler HyperX 64GB USB 3.0;56.2;70.0;Si;26;0.3
52097;149;193;SanDisk Cruzer Facet 32GB USB Plata;15.5;20.0;Si;40;0.3
56180;149;109;Kingston DataTraveler 100 G3 64GB USB3.0;31.4;41.0;Si;14;0.1
50997;149;236;Unotec Suibi Flash Drive 16GB;10.7;14.0;Si;9;0.1
55414;149;193;SanDisk Cruzer Slice 8GB USB;6.82;9.0;Si;27;0.2
55733;149;193;SanDisk Cruzer Extreme 64GB USB 3.0;53.72;67.0;Si;36;0.3
47280;150;88;Hercules DJ Control AIR;106.61;133.0;Si;60;2.5
57482;153;237;Vant Domo3 i2825 Celeron 847/2GB/500GB;213.22;256.0;Si;17;3.0
56468;153;152;Raspberry Pi Rev2 + Black Case;41.28;54.0;Si;26;0.5
55929;154;116;LG 22EA53VQ-P 21.5 IPS LED;106.61;133.0;Si;12;5.0
56688;154;167;Philips 226V4LSB2 V-line 21.5 LED;90.08;113.0;Si;49;6.0
45928;154;26;BenQ EW2730 27 LED VA DVI/HDMI/USB Multimedia;238.84;287.0;Si;19;10.0
55910;154;116;LG 24EA53VQ-P 24 IPS LED;131.4;164.0;Si;2;10.0
55263;154;99;Iiyama Prolite T2452MTS 24 Táctil;222.31;267.0;Si;27;7.0
54332;154;17;Asus VS197DE 19 LED;67.73;85.0;Si;45;7.0
52693;154;192;Samsung S27B350H 27 LED;180.99;217.0;Si;34;8.0
55446;154;17;Asus VS247N 23.6 LED;114.88;144.0;Si;43;8.0
54562;154;51;Dell UltraSharp U2413 24 IPS;384.3;461.0;Si;26;11.0
58248;154;26;Benq VW2220 21.5 VA LED;82.6;103.0;Si;12;5.0
59304;154;26;Benq GW2265M 21.5 LED;95.04;119.0;Si;20;5.0
52866;154;26;BenQ XL2420TX 24 LED 3D HDMI/DVI-DL/USB FPS/RTS;367.77;441.0;Si;25;12.0
57765;154;17;Asus VW199NR 19 LED;73.55;92.0;Si;70;7.0
55253;154;116;LG 23ET83V 23 IPS Táctil;351.24;421.0;Si;29;8.0
50295;154;17;Asus VG23AH 23 LED IPS 3D;216.53;260.0;Si;11;12.0
55672;154;3;Acer H236HL 23 LED IPS;142.98;179.0;Si;8;5.0
52319;154;192;Samsung S24B150BL 23.6 LED;118.18;148.0;Si;35;4.0
53555;154;51;Dell UltraSharp U2913WM 29 LED IPS;362.81;435.0;Si;10;9.0
53070;154;51;Dell S2340T 23 LED IPS Táctil;504.96;606.0;Si;5;8.0
54744;154;17;Asus VS197N 19 LED;77.69;97.0;Si;48;8.0
55577;154;92;HP W2072A 20 LED;78.47;98.0;Si;7;10.0
45777;154;51;Dell UltraSharp U2312HM LED 23 IPS Negro;156.2;187.0;Si;3;10.0
56332;154;26;BenQ GL2023A 19.5 LED;74.34;93.0;Si;20;8.0
53687;155;66;Epson  Expression Home XP-305 WiFi;53.68;67.0;Si;13;6.0
49504;155;33;Brother MFC-J6510DW A3 WiFi + Fax;106.61;133.0;Si;22;20.0
54651;155;33;Brother DCP-J140W WiFi;53.68;67.0;Si;28;8.0
54578;155;192;Samsung CLX-3305FN Multifunción Láser Color;205.79;247.0;Si;7;15.0
41086;155;33;Brother DCP-J315W Multifunción WiFi;61.12;76.0;Si;17;10.0
54858;155;33;Brother MFC-J5910DW A3 WiFi + Fax;133.06;166.0;Si;7;15.0
50894;155;92;HP Officejet Pro 8600 Multifunción Fax WiFi;106.61;133.0;Si;20;20.0
59515;155;33;Brother MFC-J6510DW A3 Fax + Red + WiFi;104.96;131.0;Si;29;16.0
54544;155;66;Epson WorkForce WF-3530DTWF Duplex/WiFi/Fax;111.57;139.0;Si;11;12.0
57872;155;160;Panasonic KX-MB1530 Multifunción+Fax Laser Negro;70.21;88.0;Si;6;7.0
56011;156;201;Sharkoon Lector Tarjetas interno USB3.0 V2;16.49;21.0;Si;22;0.2
51210;156;136;Natec Ant Mini Multilector de tarjetas USB;4.92;7.0;Si;12;0.3
38396;156;38;Conceptronic Stylish Multi Lector de Tarjetas USB;8.06;11.0;Si;53;0.2
59291;156;110;Kloner Lector de Tarjetas y DNIe USB;10.54;14.0;Si;35;0.2
34665;156;38;Conceptronic Multi Lector de Tarjetas All in One USB;8.06;11.0;Si;30;0.3
42378;156;152;Mini Multilector de Tarjetas USB;2.44;3.0;Si;20;0.1
55364;156;249;Zaapa Lector Tarjetas SD/MicroSD/SIM;6.57;9.0;Si;28;0.2
51589;156;201;Sharkoon Lector Tarjetas interno USB3.0;12.4;16.0;Si;24;0.2
58411;158;92;Hp Compaq CQ2900ESm E1-1200/4GB/500GB/HD7310 + Monitor 20;309.92;372.0;Si;5;7.0
57074;158;159;Packard Bell iMedia L4875 I5-3330/6GB/500GB;362.81;435.0;Si;18;10.0
53441;158;92;HP Compaq CQ2905ES G645/6GB/1TB/W8;288.43;346.0;Si;67;14.0
52393;158;17;Asus Essentio CM6730-SP001O i7-2600/6GB/1TB/HD 6470/W7;536.36;644.0;Si;29;16.0
56843;158;238;PcCom ICE G1610 /4GB/500GB;214.05;257.0;Si;12;20.0
59006;158;238;PcCom Studio Full i7-4770/16GB/2TB+120GB SSD/GT 630;690.08;828.0;Si;50;30.0
58706;158;238;PcCom Experience i7-4770K/16GB/2TB + 240 SSD/GTX 780;1321.49;1586.0;Si;15;30.0
54151;158;238;PcCom ICE A6-5400K/4GB/500GB;219.01;263.0;Si;9;20.0
56840;158;238;PcCom Diamond Plus i5-3330 /4GB/1TB/HD7750;379.34;455.0;Si;24;15.0
53454;159;131;MSI Wind Top AE2051 E2-1800/4GB/500GB/HD7340/Táctil/20/Blan;492.56;591.0;Si;42;8.0
58859;159;131;MSI Adora24 Ultra-Slim i5-3530M/8GB/1TB/Táctil/23.6;916.53;1100.0;Si;17;14.0
57811;159;131;MSI AE2051 E2-1800/4GB/500GB/20 Táctil;428.93;515.0;Si;22;10.0
56778;159;17;Asus ET1612IUTS AIO C-847/4GB/320GB/15.6/Negro/Táctil;362.81;435.0;Si;12;8.0
59531;159;17;Asus ET2311INTH AIO i5-4430S/6GB/1TB/GT740M/23 Táctil;885.12;1062.0;Si;23;12.0
21347;161;92;Hp Ultrium De 800 Gb Cartucho De Datos Regrabable;19.83;26.0;Si;3;1.0
47911;161;236;Unotec Safty Conversor Cintas Cassette USB;16.49;21.0;Si;31;0.5
49923;162;192;Samsung Galaxy Tab OTG Host Lector Tarjetas + USB;5.74;8.0;Si;9;0.3
53769;162;192;Conceptronic Samsung Galaxy Tab OTG Combo Reader + USB;6.4;9.0;Si;9;0.3
54843;162;236;Teclado Bluetooth Ultra Slim para Nexus 7;23.14;30.0;Si;9;0.5
49612;164;152;Pantalla De Proyección Eléctrica 200x200cm 112;115.7;145.0;Si;2;14.0
55039;165;92;HP Papel Fotográfico Advanced 25 Hojas A4 250gr;11.53;15.0;Si;12;2.0
54134;166;15;Arctic Silver Ceramique2 25gr;6.57;9.0;Si;52;0.2
55110;166;152;Pasta térmica Gris Bote 50gr;4.09;6.0;Si;45;0.2
54964;166;41;Cooler Master HTK-002 Pasta térmica;2.07;3.0;Si;34;0.1
12746;166;15;Arctic Silver 5 3.5gr;5.99;8.0;Si;36;0.1
55109;166;152;Pasta térmica Blanca Bote 50gr;3.26;5.0;Si;67;0.2
29603;166;15;Arctic Silver ArticClean 1&2 Frascos de 30ml;6.57;9.0;Si;5;0.2
57420;166;41;Cooler Master IC Value V1 Pasta térmica;2.44;3.0;Si;8;0.1
59313;167;166;Peluche Furby Azul 15cm;10.7;14.0;Si;38;0.3
37264;168;166;Peluche Enjuto Mojamuto - Muchachada Nui 22cm;4.92;7.0;Si;28;0.4
51852;169;166;Peluche Android Rojo 25cm;9.88;13.0;Si;34;0.2
51853;169;166;Peluche Android Azul 25cm;9.88;13.0;Si;19;0.2
59592;170;38;Conceptronic Pen Stylus Para Smarphones/Tablets Rojo;5.99;8.0;Si;11;0.15
51288;170;152;Pen Stylus para Tablets/Smartphones;3.1;4.0;Si;34;0.1
54188;172;152;Vinilo Decorativo Comecocos iPhone Blanco;3.31;5.0;Si;23;0.2
58494;172;152;Deco Vinilo Para iPhone 4S Azul;2.44;3.0;Si;21;0.01
58490;172;152;Deco Vinilo Para iPhone 4 Gris;2.44;3.0;Si;59;0.01
58484;172;152;Deco Vinilo Para iPhone 5 Gris;2.44;3.0;Si;7;0.01
55020;174;98;iGo Charger + 4 Pilas AA;9.88;13.0;Si;37;0.5
53047;174;61;Duracell Rechargeable Accu Supreme 1000 mAh AAA;8.22;11.0;Si;2;0.1
45150;174;111;Kodak LR06-KAA Pack 4 Pilas Alkalinas AA LR06;1.61;2.0;Si;25;0.1
55336;174;128;Mooster Cargador Universal de Baterías + USB Negro;24.75;32.0;Si;48;0.6
51493;175;16;ASRock K7S41GX2;44.63;58.0;Si;31;3.0
50299;176;16;ASRock 990FX Extreme4;106.61;133.0;Si;51;3.0
50223;176;81;Gigabyte GA-970A-DS3;53.68;67.0;Si;26;3.0
44434;176;81;Gigabyte GA-990FXA-UD3;103.31;129.0;Si;24;3.0
55055;176;16;ASRock 990FX Extreme9;156.2;187.0;Si;18;2.5
59063;176;16;Asrock 980DE3/U3S3;50.41;63.0;Si;20;2.5
50100;176;17;Asus M5A78L-M LX3;37.19;48.0;Si;23;2.0
44686;177;16;Asrock A75M-HVS;42.15;55.0;Si;26;3.0
58694;178;16;Asrock FM2A85X Extreme4-M;58.68;73.0;Si;44;1.0
59407;178;16;Asrock FM2A75M-DGS R2.0 Socket FM2;48.76;63.0;Si;5;1.0
59603;178;17;Asus A85XM-A;55.37;69.0;Si;29;1.0
52413;178;17;Asus F2A55-M FM2;55.37;69.0;Si;19;1.5
55516;178;17;Asus F2A85-V;71.07;89.0;Si;2;1.5
55084;179;81;Gigabyte GA-C847N;61.16;76.0;Si;37;2.5
58972;179;16;Asrock E35LM1+ CPU AMD E-240 APU;42.98;56.0;Si;10;1.0
59024;180;17;Asus Maximus VI Formula;226.45;272.0;Si;35;2.0
57204;180;17;Asus H87M Plus;74.38;93.0;Si;20;2.0
58112;180;16;Asrock Z87 Extreme9/ac;285.12;342.0;Si;62;3.5
57477;180;16;Asrock Z87 Pro4;95.04;119.0;Si;30;3.0
57196;180;17;Asus B85M-E;62.81;79.0;Si;46;2.0
57200;180;17;Asus H87 Pro;86.78;108.0;Si;38;2.0
57349;180;81;Gigabyte GA-H87M-HD3;62.81;79.0;Si;1;2.5
57543;180;17;Asus Z87-PLUS;123.14;154.0;Si;46;3.0
58276;180;16;Asrock B85M-HDS;53.72;67.0;Si;42;2.0
57511;180;17;Asus B85M-G;57.85;72.0;Si;23;2.5
57433;180;16;ASRock Z87 Extreme6;142.15;178.0;Si;37;2.5
59511;180;17;Asus Maximus VI Hero C2;156.2;187.0;Si;48;2.5
59594;180;17;Asus Z87-PRO (V Edition);142.98;179.0;Si;28;2.0
51624;181;81;Gigabyte GA-Z77X-UP4 TH;152.89;183.0;Si;14;2.0
56700;181;16;Asrock H61M-PS4;35.54;46.0;Si;14;2.5
54837;181;17;Asus P8B75-M LX PLUS;48.76;63.0;Si;25;2.5
56650;181;17;Asus H61M-A/USB3;47.11;61.0;Si;22;2.5
49460;181;17;Asus P8H77-V;72.73;91.0;Si;8;1.0
49071;181;131;MSI Z77A-G43;76.03;95.0;Si;22;3.0
49410;181;17;Asus P8Z77-V PRO;163.64;196.0;Si;49;2.0
50138;181;17;Asus P8B75-M LE;54.55;68.0;Si;34;2.0
52306;181;17;Asus P8H61-M LX R2.0;40.5;53.0;Si;9;2.5
48160;181;81;Gigabyte GA-H61M-DS2;35.54;46.0;Si;42;3.0
50053;181;81;Gigabyte GA-B75M-D3H;50.41;63.0;Si;6;2.0
53816;181;81;Gigabyte GA-Z77N-WiFi;91.74;115.0;Si;13;2.0
53280;182;17;Asus P9X79 LE OEM;164.46;197.0;Si;5;2.0
47831;182;17;Asus Rampage IV Extreme;300.83;361.0;Si;80;3.5
50212;182;17;Asus Z9PE-D8 WS;395.87;475.0;Si;6;2.0
47050;182;16;Asrock X79 Extreme4-M;152.07;182.0;Si;43;3.0
57270;184;16;ASRock G41M-VS3 R2.0;47.89;62.0;Si;11;2.5
59133;185;17;Asus K550CC-XX452H i3-2365M/4GB/500GB/GT720M/15.6;375.21;450.0;Si;7;5.0
57819;185;17;Asus X55A P1000M/4GB/320GB/15.6;282.64;339.0;Si;19;5.0
55530;185;206;Sony Vaio SVE1513F4EW i7-3632/6GB/750GB/HD 7650M/15.5;619.01;743.0;Si;30;4.0
59268;185;3;Acer Aspire E1-571 i5-3230M/6GB/500GB/15.6;379.34;455.0;Si;12;5.0
53437;185;92;HP DV6-7203es i7-3630QM/6GB/500GB/GT630M/15.6;577.69;693.0;Si;46;5.0
57078;185;17;Asus VivoBook i7-3537U/8GB/750GB+24GB SSD/GT740M/15.6;751.24;901.0;Si;14;5.0
57166;185;226;Toshiba Satellite C855-2FF 2020M/8GB/640GB/15.6;376.03;451.0;Si;17;5.0
58554;185;226;Toshiba Satellite L50T i7 4700MQ/6GB/750GB/15.6 Táctil;728.1;874.0;Si;36;5.0
59157;185;92;HP 650 Intel 1000M/4GB/500GB/15.6;268.6;322.0;Si;20;5.0
59084;185;3;Acer Aspire E-531 Intel Pentium B960/8GB/500GB/15.6;296.69;356.0;Si;33;5.0
56926;185;206;Sony Vaio SVE1513C1EW P2020/4GB/500GB/HD 7650/15.5/Blanco;346.28;416.0;Si;43;5.0
58677;185;113;Lenovo IdeaPad Y500 i7-3630QM/8GB/16GB SSD+1TB/GT650M/15.6;772.73;927.0;Si;9;5.0
57552;185;131;MSI GE60-062ES i7-4700MQ/8GB/750GB/GTX765M/15.6;947.11;1137.0;Si;10;5.0
58843;185;92;HP Pavilion G7 i3-3120M/6GB/500GB/HD7670M/17.3;428.93;515.0;Si;43;5.0
54717;185;92;HP Pavilion Sleekbook B119SS i5-3337/6GB/500GB/GT 630M/15.6;467.77;561.0;Si;54;5.0
58808;185;17;Asus VivoBook S300CA i3 2365M/4GB/500GB/13.3 Táctil;457.02;548.0;Si;20;5.0
54785;185;3;Acer Aspire V5-571 i3-2365M/6GB/500GB/15.6;390.08;468.0;Si;52;5.0
58713;185;17;Asus F55C-SX159H i3-2328M/6GB/1TB/15.6;376.03;451.0;Si;26;2.45
58598;185;17;Asus K550CC-XX509H i7 3537U/8GB/1TB/GT720M/15.6;600.83;721.0;Si;25;5.0
55103;185;17;Asus Zenbook Touch UX31A i7-3517U/4GB/256GB/13.3;1260.33;1512.0;Si;19;3.0
57605;185;17;Asus S56CB i5-3337U/4GB/500GB+24GB SSD/GT 740M/15.6;536.36;644.0;Si;21;5.0
58987;185;192;Samsung Ativ Book 9 Lite Quad Core/4GB/128GB SSD/13.3 Negro;523.14;628.0;Si;12;3.0
57633;185;226;Toshiba Satellite C855-2K2 i3-2348M/6GB/320GB/15.6;362.81;435.0;Si;25;5.0
54721;185;92;HP 650 Core i3-2328M/8GB/500GB/15.6;342.98;412.0;Si;23;5.0
56128;185;226;Toshiba Portege Z930-145 i5-3317U/4GB/128GB SSD/13.3;621.49;746.0;Si;39;4.0
55003;185;92;HP Pavilion Sleekbook 15-b001es i3-3217/4GB/750GB/15.6;339.67;408.0;Si;36;5.0
52923;185;92;HP Envy M6-1103 i5-3210/4GB/500GB/HD 7670M/15.6;623.97;749.0;Si;29;3.5
54149;185;73;Fujitsu Lifebook AH512 B830/2GB/320GB/15.6;280.17;336.0;Si;26;5.0
58799;185;17;Asus F75A-TY157H i3 2328M/4GB/500GB/17.3;408.26;490.0;Si;28;5.0
58160;185;17;Asus F55A SX202H Intel Celeron 1000M/4GB/750GB/15.6;301.65;362.0;Si;9;5.0
58044;185;226;Toshiba Satellite U840W i5-3317U/4GB/128GB SSD/14.4;690.08;828.0;Si;6;5.0
56054;185;226;Toshiba Satellite U940-10C i3-3217U/4GB/32GB+640GB/14;481.82;578.0;Si;56;6.0
53593;185;3;Acer Aspire V5-571G i3-2377/4GB/750GB/GT 620M/15.6;362.81;435.0;Si;19;5.0
53167;185;11;Apple MacBook Pro Retina Display Core i5/8GB/128GB/13;1197.52;1437.0;Si;26;5.0
59013;185;3;Acer Aspire E-571G i7-3612QM/8GB/500GB/G710M/15.6;506.61;608.0;Si;21;5.0
46542;185;11;Apple MacBook Pro i7/4GB/750GB/HD 6770M/15.4;1569.42;1883.0;Si;13;4.0
54681;186;121;Logitech Wireless Presenter Pro R700;56.2;70.0;Si;44;0.5
58261;187;8;AMD FX Series FX-9590 4.7Ghz 8X;247.11;297.0;Si;52;1.0
46227;187;8;AMD FX Series FX-8150 3.6Ghz 8X Black Edition;119.83;150.0;Si;38;1.0
37869;187;8;AMD Phenom II X4 965 Quad-Core Black Edition;79.3;99.0;Si;31;1.0
52706;187;8;AMD FX Series FX-4300 3.8Ghz 4X;78.51;98.0;Si;30;0.5
45867;188;8;AMD APU A4-3400 2.7Ghz Socket FM1;30.58;40.0;Si;10;1.0
57332;189;8;AMD A10-6800K 4.10Ghz;105.79;132.0;Si;64;0.5
59377;190;100;Intel Core i3-4130 3.4Ghz Box;100.83;126.0;Si;20;0.5
50041;191;100;Intel Core i5-3570K 3.4Ghz Box;161.16;193.0;Si;11;0.5
57739;191;100;Intel Core i3-3250 3.5GHz Box;103.31;129.0;Si;36;1.0
57740;191;100;Intel Celeron G470 2.0GHz Socket 1155;28.1;37.0;Si;23;1.0
58568;193;114;Leotec Stereo High Quality 3.5;16.49;21.0;Si;59;0.01
57401;194;152;Protector Pantalla Samsung Galaxy Note 8.0;2.44;3.0;Si;47;0.1
50017;194;152;Protector de pantalla 8.9 Samsung Galaxy P7300/P7310;3.1;4.0;Si;12;0.2
52698;195;26;Benq MS502 2700 Lumens 3D SVGA;219.01;263.0;Si;41;4.0
54668;195;225;TooQ Soporte Proyector Universal Inclinable Techo Negro;12.6;16.0;Si;16;4.0
58922;195;116;LG BD450 3000 Lumens;357.85;429.0;Si;34;5.0
52433;195;26;Benq MX503 2700 Lumens 3D XGA;276.86;332.0;Si;33;3.0
55904;196;114;Leotec Punto Acceso/Repetidor WiFi 300Mbps;24.75;32.0;Si;5;1.5
55185;196;62;Edimax EW-7428HCN Punto de Acceso/Repetidor 300N para Techo;43.8;57.0;Si;11;0.5
41088;196;227;TP-Link TL-WA730RE Repetidor WiFi 11n;18.97;25.0;Si;51;2.0
51050;196;47;D-Link DAP-1360 Punto de Acceso Wireless N Linux;31.4;41.0;Si;26;1.0
52249;197;17;Asus GX850 Gaming Mouse 5000 DPI;27.27;35.0;Si;9;1.0
59368;197;17;Asus UT250 Ratón óptico 1000 DPI USB;7.4;10.0;Si;20;0.2
59197;197;183;Razer Naga 2014 para Zurdos;60.33;75.0;Si;69;0.5
58246;197;2;A4tech Bloody Multi-Core GUN3 V3A;19.79;26.0;Si;13;0.5
44189;197;2;A4tech XL-750BH Full speed USB Anti-vibrate Laser gaming;15.66;20.0;Si;16;0.4
55192;197;2;A4tech Bloody Multi-Core GUN3 V5;16.49;21.0;Si;30;0.4
36015;197;121;Logitech Bluetooth Mouse M555b;35.54;46.0;Si;28;0.5
59184;197;136;Natec Genesis GX77 Gaming Mouse;24.75;32.0;Si;19;0.5
40898;197;2;A4tech XL-747H Láser 3600 DPI Gaming Mouse;16.49;21.0;Si;25;0.5
41312;197;188;Roccat Kone+ Gaming Mouse 6000dpi;41.28;54.0;Si;28;1.3
49699;197;183;Razer Mouse Bungee;16.49;21.0;Si;22;0.2
45541;197;11;Apple Magic Trackpad;55.33;69.0;Si;36;1.0
51035;197;79;Genius GX DeathTaker 5700 DPI Láser;24.75;32.0;Si;40;1.3
55115;197;4;AeroCool Templarius Gladiator Gaming Mouse;19.83;26.0;Si;43;0.8
58969;197;183;Razer Naga 2014;60.33;75.0;Si;36;0.2
39343;197;38;Conceptronic Wireless 2.4GHZ Travel Mouse;9.05;12.0;Si;58;0.3
57747;197;38;Conceptronic Optical Mouse Verde USB;5.74;8.0;Si;20;0.5
39582;197;11;Apple Mighty Mouse For Mac/PC;40.45;53.0;Si;56;0.3
55181;197;79;Genius GX Gila Gaming Mouse 8200DPI;37.98;49.0;Si;46;1.0
49017;197;121;Logitech Wireless Mini Mouse M187;14.01;18.0;Si;5;1.0
51751;197;136;Natec Hawk G-Laser 1600DPI;6.57;9.0;Si;62;0.5
54359;197;136;Natec Squid 1600DPI Wireless Laser Negro;14.83;19.0;Si;20;0.4
51208;197;121;Logitech G600 MMO Gaming Mouse Blanco;49.55;64.0;Si;24;0.5
40506;197;121;Logitech Wireless Mouse M510;28.93;38.0;Si;25;1.0
49356;197;81;Gigabyte M6900 3200 DPI Gaming Mouse;14.83;19.0;Si;29;0.5
50468;197;136;Natec Genesis G77 Gaming Mouse 2000 DPI Optical;12.36;16.0;Si;3;1.0
52503;197;81;Gigabyte GM-M6880 V2 Gaming Laser Mouse;10.95;14.0;Si;22;0.5
54025;197;81;Gigabyte ECO600 Wireless Laser 1600 DPI;18.18;24.0;Si;10;1.2
50493;197;136;Natec Genesis V55 Gaming Mouse 2000 DPI Wireless Optical;20.62;27.0;Si;10;1.0
52883;197;136;Natec Viper Mini Optical Mouse 800 DPI Retráctil Naranja;5.74;8.0;Si;10;0.3
52414;198;227;TP-Link TL-PA411 AV500 Mini Powerline;18.18;24.0;Si;3;0.4
58896;198;227;TP-Link TL-PA4030KIT AV500 Powerline Starter Kit;52.02;65.0;Si;30;1.0
52382;198;227;TP-Link TL-PA411KIT AV500 Mini Powerline Starter Kit;28.06;36.0;Si;30;0.5
43723;198;54;Devolo dLAN 500 AVplus Starter Kit 2 Adaptadores;82.64;103.0;Si;1;2.5
58410;198;88;Hercules ePlug 200 Mini Trio Pack;29.71;39.0;Si;54;1.0
58838;199;250;Zalman Reserator 3 Max;91.74;115.0;Si;23;1.0
59341;199;41;Cooler Master Seidon 120V;38.02;49.0;Si;21;1.1
39322;200;191;Salicru SPS Safe 7+ Regleta 7 Tomas;12.6;16.0;Si;16;2.5
40003;201;42;Cooltek Filtro Anti Polvo 140x140mm;2.27;3.0;Si;21;0.05
49018;201;203;SilverStone Filtro Magnetico 120x120mm;4.92;7.0;Si;11;0.3
59284;203;95;I-Joy Visio 1007 DVD/DivX + USB;24.75;32.0;Si;24;2.0
41991;203;138;Nevir NVR-2316 DVD/DivX + USB;23.93;31.0;Si;1;2.5
55749;203;27;Best Buy Easy Home Combo USB 12 TDT;30.58;40.0;Si;43;1.5
53248;204;236;Unotec 4RUN Auricular MP3 Deportivo;10.7;14.0;Si;4;0.5
49677;204;236;Unotec Clip Reproductor MP3 MicroSD;7.4;10.0;Si;79;0.3
57486;204;11;iPod Touch 16GB 5a Generación Plata/Negro;197.52;237.0;Si;37;0.5
47688;204;64;Energy Sistem 2504 MP4 Sport 4GB Azul;33.02;43.0;Si;37;0.4
57857;204;208;SPC 883 MP3 Acuático Rosa;24.79;32.0;Si;29;0.2
58833;204;64;Energy Sistem MP3 Bike Music Box Green;18.18;24.0;Si;1;0.5
59198;204;64;Energy Sistem MP4 Slim 3 8GB Dark Iron;32.23;42.0;Si;31;0.2
59556;204;95;I-Joy MP4 Rimax 8GB Azul;20.66;27.0;Si;33;0.1
59553;204;95;i-Joy MP3 Blink 8GB Azul Claro;15.66;20.0;Si;29;0.15
58747;205;152;Ten Go! MicroShare Receptor Wifi Multimedia;39.67;52.0;Si;81;0.1
47693;206;64;Energy Sistem TV3170 HDTV Blanco 7 TDT DivX USB Grabador;49.55;64.0;Si;21;1.5
38784;206;64;Energy Sistem TV2090 Black 9 TDT DivX USB Grabador;70.25;88.0;Si;7;2.5
59121;207;152;Touch Panel Blanco para iPad 2;31.4;41.0;Si;6;0.3
59503;208;152;Pantalla + Touch Panel Para iPhone 4S;35.54;46.0;Si;25;0.2
50400;210;17;Asus RT-N66U Gigabit Router Dual-Band Wireless-N900;99.09;124.0;Si;9;0.8
37527;210;227;TP-Link TL-WR1043ND Ultimate Router Neutro WiFi 11n USB;38.84;50.0;Si;51;2.5
36488;210;227;TP-Link TL-WR941ND Wireless Router Neutro 11n;30.58;40.0;Si;28;2.5
43531;210;227;TP-Link TL-WR841N Wireless Router Neutro 11n;15.66;20.0;Si;6;2.0
40615;210;227;TP-Link TL-MR3420 Router 3G/3.75G USB WiFi 11n;33.06;43.0;Si;29;1.5
41896;210;227;TP-Link TL-MR3220 Router 3G/4G USB WiFi 11n;21.49;28.0;Si;69;2.5
28957;210;118;Linksys WRT54GL Wireless Router Neutro 54Mbps Linux;55.37;69.0;Si;33;1.0
55008;210;227;TP-Link TL-WDR4900 Wireless N900 Dual-Band;69.42;87.0;Si;57;5.0
51906;210;17;Asus RT-N65U Gigabit Router Dual-Band Wireless;74.34;93.0;Si;24;1.0
56597;210;227;TP-Link TD-W8980 N600 Wireless Dual Band ADSL2+ 4Puertos;70.25;88.0;Si;37;1.2
55112;210;227;TP-Link M5350 Router Módem 3G WiFi;56.16;70.0;Si;7;0.5
51909;210;242;WD My Net N900 Central 1TB;80.17;100.0;Si;29;1.2
54671;210;227;TP-Link TD-W8970 Router Modem Wireless-N ADSL2+ 4Puertos;47.93;62.0;Si;20;1.0
58745;211;40;CoolBox Guardian SAI 800VA;37.19;48.0;Si;30;8.0
45491;211;186;Riello IDG1200 iDialog 1100VA;90.08;113.0;Si;38;8.5
45465;211;10;APC Power-Saving Back-UPS Pro 900 230V;147.93;185.0;Si;30;15.0
46053;211;191;Salicru SPS SOHO+ 1000VA;98.35;123.0;Si;1;10.0
52507;211;157;Ovislink Chrome 1500VA;90.08;113.0;Si;9;15.0
50411;212;236;Reloj Cámara de Video/Fotos 8GB Negro;28.88;38.0;Si;10;0.5
51303;212;38;Conceptronic Cámara IP WiFi;51.2;64.0;Si;46;3.0
57299;212;236;Unotec iCare vigilabebés;66.07;83.0;Si;11;2.0
37983;213;227;TP-Link TL-PS110U Servidor Impresión USB;24.79;32.0;Si;34;1.5
38397;215;38;Conceptronic Sintonizador TDT USB;13.02;17.0;Si;32;0.8
44334;215;146;NPG Real HDTV Nano 3D Sintonizador TDT HD USB;12.36;16.0;Si;21;0.8
38108;215;19;AVermedia AVerTV Volar HD Pro;19.01;25.0;Si;34;0.5
36200;217;126;Microsoft Windows 7 Professional 64bits OEM Service Pack 1;104.13;130.0;Si;30;0.3
52954;217;126;Microsoft Windows 8 64bits OEM;71.03;89.0;Si;27;0.2
59135;218;192;Samsung i8262 Galaxy Core Dual Blanco Libre;192.56;231.0;Si;9;0.13
59500;218;152;Wime NanoSmart Silver Libre;85.95;107.0;Si;12;0.5
58690;218;116;LG Optimus G Blanco Libre;268.6;322.0;Si;15;0.5
57246;218;5;Airis TM350 Dual Negro Libre;74.34;93.0;Si;50;1.0
58704;218;114;Leotec L-Phone Xenon X145W 4.5 Quad Core Blanco Libre;156.2;187.0;Si;44;0.1
57331;218;192;Samsung i9105P S2 Plus Blanco Libre;227.27;273.0;Si;25;1.0
59244;218;104;Jiayu G3S Turbo Quadcore Negro Libre;152.89;183.0;Si;5;0.12
58675;218;31;Bq Aquaris 5 16GB Blanco Libre;164.46;197.0;Si;58;0.17
58612;218;206;Sony Xperia E Rosa Libre;103.31;129.0;Si;33;0.12
58611;218;206;Sony Xperia E Negro Libre;103.31;129.0;Si;26;0.12
58387;218;192;Samsung Wave 3 S8600 Negro Libre;110.74;138.0;Si;59;0.5
58073;218;192;Samsung Galaxy S3 I9300 Rosa Libre;313.22;376.0;Si;54;1.0
58734;218;144;Nokia Lumia 925 16GB Gris Libre;367.77;441.0;Si;63;1.0
56009;218;206;Sony Xperia J Libre Negro;144.63;181.0;Si;37;0.5
58000;218;192;Samsung Star S5220R Rojo Libre;57.02;71.0;Si;26;1.0
58365;218;144;Nokia Lumia 925 16GB Blanco Libre;367.77;441.0;Si;29;1.0
55285;218;192;Samsung Galaxy Grand Duos Blanco Libre;238.84;287.0;Si;10;0.5
53907;218;206;Sony Xperia Tipo Classic Blanco Libre;90.08;113.0;Si;17;0.5
56209;218;192;Samsung Galaxy S4 Negro Libre;412.4;495.0;Si;19;1.0
52675;218;206;Sony Xperia Sola Negro Libre;164.46;197.0;Si;18;0.5
56443;218;11;Apple iPhone 5 16GB Blanco UK Version Libre;478.51;574.0;Si;29;1.0
56263;218;11;Apple iPhone 5 16GB Negro UK Version Libre;478.51;574.0;Si;4;1.0
58022;218;192;Samsung i8730 Galaxy Express Blanco Libre;197.52;237.0;Si;17;2.0
57031;218;206;Sony Xperia L Negro;189.26;227.0;Si;28;0.8
54459;218;206;Sony Xperia Miro Negro Libre;131.4;164.0;Si;27;0.4
54421;218;206;Sony Xperia Ion Rojo Libre;227.27;273.0;Si;35;0.5
50683;218;192;Samsung Galaxy S3 I9300 Azul Libre;288.43;346.0;Si;4;1.2
59243;218;104;Jiayu G2 Negro Libre;103.31;129.0;Si;42;0.13
52585;218;206;Sony Xperia U Blanco/Amarillo Libre;131.4;164.0;Si;50;0.4
55116;218;83;GoClever Fone 500 Smartphone 5 Libre;131.4;164.0;Si;36;1.2
53138;218;206;Sony Xperia P Rojo Libre;180.99;217.0;Si;13;0.5
51764;218;206;Sony Xperia Tipo Classic Negro Libre;90.08;113.0;Si;6;0.5
48703;218;192;Samsung Galaxy S2 Negro Libre;216.53;260.0;Si;39;0.5
59478;218;46;Cubot A6589 Quadcore Blanco Libre;171.9;206.0;Si;42;0.1
57329;218;116;LG Optimus 4X HD Blanco Libre;214.05;257.0;Si;11;0.5
59369;218;152;Hisense U820 Dual Libre;59.5;74.0;Si;41;1.0
51943;220;161;Panda Internet Security 2013 3 Licencias Renovación;13.18;17.0;Si;15;0.4
54923;220;126;Microsoft Office 2013 Hogar y Estudiantes PKC;83.47;104.0;Si;2;0.3
54775;220;213;Norton 360 Multi-Device 3 Licencias;22.31;29.0;Si;39;0.4
43482;221;214;Synology Surveillance Station 4 - Licencia 1 Cámara;37.15;48.0;Si;22;1.0
54069;223;152;Soporte Televisión VESA 75/100 Pared;4.92;7.0;Si;16;0.3
47945;223;14;Arctic Cooling Z1 Soporte Articulado Monitor Vesa 75/100;39.67;52.0;Si;84;5.0
42041;225;152;Dock Carga/Sincronización/Audio iPhone/iPod Blanca;4.92;7.0;Si;46;0.5
49487;226;152;Soporte Portátil Para Tablet 7-10 Negro;8.22;11.0;Si;3;1.0
58256;226;41;Cooler Master Wave Stand Soporte para Tablets;14.67;19.0;Si;14;0.5
47229;226;152;Soporte de aluminio Negro Para Tablet PC 7-10;8.26;11.0;Si;6;1.0
59534;227;241;Wacom Intuos Pro Edicion Especial;271.07;325.0;Si;18;10.0
46014;227;241;Wacom Wireless Kit para Bamboo & Intuos 5;29.75;39.0;Si;31;0.4
42699;227;231;Trust Slimline Widescreen Tablet;46.28;60.0;Si;19;2.0
56333;227;241;Wacom Cintiq 13HD;692.56;831.0;Si;9;6.0
59297;227;241;Wacom Intuos Pro Small;163.64;196.0;Si;21;0.2
59528;227;241;Wacom Intous Pen & Touch S;73.55;92.0;Si;36;3.5
59530;227;241;Wacom Intuos Pen Small;52.89;66.0;Si;51;3.0
59539;228;64;Energy Sistem Tablet X10 Quad 10.1 16GB + Auricular DJ 310;177.64;213.0;Si;9;2.0
53745;228;11;Apple iPad Mini 64GB Negro;349.59;420.0;Si;11;1.5
52484;228;31;Bq Maxwell Lite 7 8GB;82.6;103.0;Si;7;1.0
53317;228;11;Apple iPad Mini 4G 32GB Negro;461.98;554.0;Si;24;1.5
41894;228;240;ViewSonic Viewpad 7 3G;164.46;197.0;Si;1;2.5
56767;228;162;Papyre Pad 720 7 IPS 3G 4GB Negro;106.61;133.0;Si;14;2.5
55517;228;13;Archos 80 Cobalt 8 8GB Negro;106.61;133.0;Si;8;1.5
58873;228;30;Bogo LifeStyle 7DC 7 8GB Negro;73.55;92.0;Si;64;1.0
57976;228;31;BQ Maxwell 2 Plus 7 IPS 16GB Negro;98.35;123.0;Si;37;2.0
57815;228;64;Energy Sistem Tablet S10 Dual 10.1 8GB Gris;128.1;160.0;Si;8;2.0
56637;228;13;Archos 101 Titanium Pad 10.1 IPS 8GB;139.67;175.0;Si;14;2.0
58071;228;30;Bogo LifeStyle 7B 7 8GB Negro;49.55;64.0;Si;7;1.3
57118;228;114;Leotec L-Pad Pulsar 7 8GB Dual Core;74.34;93.0;Si;5;2.0
53314;228;11;Apple iPad Mini 4G 16GB Blanco;362.81;435.0;Si;9;1.5
56463;228;13;Archos Arnova ChildPad 7 4GB Blanco;64.46;81.0;Si;10;1.5
56022;228;32;Brigmton BTPC-902 9 Blanco;74.34;93.0;Si;101;1.5
58310;228;32;Brigmton BTPC-902 9 4GB Rojo;74.34;93.0;Si;54;1.5
58426;228;17;Asus Memo Pad FHD 10.1 32GB Blanco;268.6;322.0;Si;9;1.0
59587;228;245;Woxter Nimbus 100Q 10.1;161.16;193.0;Si;30;1.0
58425;228;17;Asus Memo Pad FHD 10.1 32GB Azul;268.6;322.0;Si;35;1.0
46907;228;85;Papyre Pad 7.1 4GB Negro;98.35;123.0;Si;36;1.5
50916;228;177;Primux Ciclon 9.7 IPS 4GB;152.89;183.0;Si;18;3.0
40983;228;226;Toshiba Folio 100 TabletPC 10.1 16GB Negro;197.52;237.0;Si;12;2.5
50445;228;192;Samsung Galaxy Tab 2 P3110 7 8GB Gris;123.14;154.0;Si;35;1.2
50631;228;192;Samsung Galaxy Tab 2 GT-P5110 10.1 16GB Gris;214.05;257.0;Si;40;1.5
50630;228;192;Samsung Galaxy Tab 2 GT-P5100 10.1 3G 16GB Gris;268.6;322.0;Si;10;1.5
53258;228;11;iPad con Retina Display 16GB Negro;384.3;461.0;Si;32;2.0
58757;228;13;Archos Arnova 101 G4 10.1 8GB Plata;109.92;137.0;Si;19;1.0
57277;228;3;Acer Iconia A1-810 7.9 16GB Blanco;151.24;181.0;Si;5;1.0
51627;228;148;Nvsbl Vortex Color 7 4GB Rosa;59.46;74.0;Si;45;1.0
54416;228;114;Leotec GameDroid Consola+Tablet 5 Negro;64.42;81.0;Si;62;1.5
53318;228;11;iPad con Retina Display 4G 16GB Negro;461.98;554.0;Si;12;2.0
52655;228;95;I-Joy Amity 9 8GB Negro;66.07;83.0;Si;10;1.8
57283;228;114;Leotec L-Pad Meteor 9 8GB Dual Core;79.3;99.0;Si;47;1.0
44566;229;227;TP-Link TL-WN751ND 150Mbps 11n Wireless PCI;11.36;15.0;Si;27;1.5
37957;229;227;TP-Link TL-WN781ND 150Mbps 11n Wireless PCI Express;11.36;15.0;Si;6;1.0
55918;231;194;Sapphire Radeon HD 7790 Dual-X OC 1GB GDDR5;98.35;123.0;Si;30;2.5
57970;231;194;Sapphire Radeon HD 7770 GHz Edition OC 1GB GDDR5;77.64;97.0;Si;11;2.0
59091;231;194;Sapphire Radeon HD 7850 OC 1GB GDDR5;119.83;150.0;Si;25;3.0
56431;231;194;Sapphire Radeon HD 7790 OC 2GB GDDR5;110.74;138.0;Si;12;2.5
51628;231;194;Sapphire Radeon HD 7850 OC 2GB GDDR5;138.02;173.0;Si;3;3.0
51603;231;194;Sapphire Radeon HD 7770 Vapor-X GHz Edition OC 1GB GDDR5;95.04;119.0;Si;16;2.0
32189;231;194;CrossFire Bridge - Cable Crossfire ATI;8.22;11.0;Si;35;0.1
46766;231;17;Asus HD 6450 SILENT 1GB DDR3;32.23;42.0;Si;68;1.5
46829;231;17;Asus Radeon EAH5450 SILENT DI 1GB DDR3;24.79;32.0;Si;11;1.5
49000;231;81;Gigabyte Radeon HD 7770 OC 1GB GDDR5;78.51;98.0;Si;27;2.0
52157;231;194;Shappire Radeon HD 7750 1GB GDDR5 LP;79.3;99.0;Si;14;1.5
44329;231;194;Sapphire Radeon HD 6570 Ultimate 1GB GDDR3;47.89;62.0;Si;54;2.5
50808;233;81;Gigabyte GeForce GT 640 OC 2GB GDDR3;66.94;84.0;Si;39;2.0
52324;233;17;Asus GeForce GTX 670 DirectCU II 4GB GDDR5;277.69;333.0;Si;60;2.0
59021;233;68;EVGA GeForce GTX 760 SuperClocked 2GB GDDR5;189.26;227.0;Si;23;3.5
58407;233;68;EVGA GeForce GTX 780 3GB GDDR5;486.78;584.0;Si;19;3.5
53556;233;251;Zotac GeForce GTX 650 Ti 2GB GDDR5;109.09;136.0;Si;23;1.5
42322;233;173;PNY nVIDIA Quadro 2000 1GB GDDR5;371.07;445.0;Si;24;3.0
52705;233;17;Asus GeForce GTX 650 Ti DirectCU II OC 1GB GDDR5;105.79;132.0;Si;61;2.5
52532;233;81;Gigabyte GeForce GTX 650 Ti OC 2GB GDDR5;116.53;146.0;Si;11;2.0
55935;233;81;Gigabyte GeForce GTX 650 Ti Boost OC 2GB GDDR5;129.75;162.0;Si;8;1.5
51896;233;17;Asus GeForce 210 TC Silent 1GB GDDR3 Low Profile;23.97;31.0;Si;12;1.0
50681;233;17;Asus GeForce GT 640 2GB GDDR3;71.9;90.0;Si;24;1.5
37216;235;201;Sharkoon USB3.0 Host Controller Card PCI Express;8.22;11.0;Si;53;0.5
58625;235;12;Approx Tarjeta PCI-E FireWire 3+1 Puertos;13.64;18.0;Si;39;0.5
41776;236;44;Creative X-Fi Titanium PCI Express;57.81;72.0;Si;15;2.0
44856;236;152;Tarjeta de Sonido USB 5.1;3.93;6.0;Si;6;0.3
37398;236;88;Hercules Gamesurround Muse LT 4.1;11.36;15.0;Si;27;0.5
50021;236;17;Asus Xonar DGX 5.1 PCIe;24.79;32.0;Si;48;0.3
44302;236;212;Sweex 7.1 External USB Sound Card;22.31;29.0;Si;40;1.0
41708;236;44;Creative Sound Blaster X-Fi Titanium HD PCI-e;103.31;129.0;Si;8;2.0
43030;237;146;NPG DHT 31MP Mini TDT HD HDMI USB Grabador;16.49;21.0;Si;16;1.5
51446;237;167;Philips SDV6224 Antena Interior Amplificada 42 dB;17.36;23.0;Si;46;0.8
51506;238;110;Kloner Teclado UltraFlat USB Plata;13.18;17.0;Si;14;1.5
56272;238;236;Unotec RC-Pad Teclado + Mando Motion Controller;33.02;43.0;Si;25;0.4
58522;238;210;SteelSeries Apex RAW Gaming Keyboard;56.2;70.0;Si;37;2.5
56914;238;136;Natec Genesis RX33 Retroiluminado;29.71;39.0;Si;46;2.5
57010;238;22;B-Move Trackball Neo Teclado Bluetooth;26.45;34.0;Si;20;0.5
42587;238;121;Logitech Wireless Solar Keyboard K750;56.2;70.0;Si;34;2.0
57247;238;121;Logitech Gaming Keyboard G105s;43.8;57.0;Si;27;2.5
52235;238;43;Corsair Vengeance K60 Performance Mechanical Keyboard;79.3;99.0;Si;15;2.5
57677;238;121;Logitech G13 Advanced Gameboard;63.64;80.0;Si;3;1.5
33656;238;121;Logitech Illuminated Keyboard;45.41;59.0;Si;34;3.0
49285;238;81;Gigabyte Force K3 Gaming Keyboard;13.02;17.0;Si;26;1.0
54105;238;201;Sharkoon Tactix Gaming Keyboard;10.7;14.0;Si;41;2.5
46074;238;121;Logitech Wireless Keyboard K360;14.01;18.0;Si;28;3.5
37371;238;2;A4tech G100 Gaming Keyboard;10.7;14.0;Si;56;0.8
53980;238;4;AeroCool Templarius Arma Gaming Keyboard;21.45;28.0;Si;19;2.0
52964;238;121;Logitech Keyboard K120 German Layout;14.83;19.0;Si;49;1.5
51036;238;79;Genius GX Imperator;19.63;26.0;Si;17;2.2
52193;238;192;Samsung VG-KBD1500 Teclado Smart TV Wireless;49.55;64.0;Si;42;1.5
40383;238;121;Logitech Wireless Illuminated Keyboard K800;67.73;85.0;Si;17;2.5
34334;238;11;Apple Keyboard Mac USB;38.8;50.0;Si;8;3.0
42023;238;152;Teclado Flexible de Silicona USB Negro;7.4;10.0;Si;28;1.0
58892;239;6;Alcatel Versatis Dect E100 Negro;14.26;19.0;Si;15;0.5
58890;239;6;Alcatel Versatis Dect Duo E100 Negro;23.14;30.0;Si;31;1.0
57652;239;152;Swiss Voice E-Pure Dect Negro;42.15;55.0;Si;2;1.5
57109;239;202;Siemens Gigaset AS290 Dect Negro;18.14;24.0;Si;15;2.0
57984;240;192;Samsung UE46F5000 46 LED;412.4;495.0;Si;50;14.0
56173;240;192;Samsung UE40F6400 40 LED 3D;461.98;554.0;Si;27;15.0
56609;240;116;LG 42LA620S 42 LED 3D;470.25;564.0;Si;24;20.0
57862;240;116;LG 55LA740S 55 LED 3D;1261.16;1513.0;Si;12;25.0
56425;240;192;Samsung UE40F6510 40 LED 3D;569.42;683.0;Si;39;18.0
57490;240;160;Panasonic Viera TX-L32X5 HD 32 IPS;222.31;267.0;Si;19;12.0
55938;240;192;Samsung UE46F7000 46 LED 3D;1008.26;1210.0;Si;9;20.0
56869;240;192;Samsung UE42F5000 42 LED;329.75;396.0;Si;27;14.0
56599;240;116;LG 55LA691S 55 LED 3D;990.91;1189.0;Si;26;30.0
56221;240;192;Samsung UE32F5000 32 LED;227.27;273.0;Si;39;9.0
57790;240;192;Samsung UE60F6300 60 LED;1219.01;1463.0;Si;10;35.0
57883;240;167;Philips 22PFL2908H 22 LED;131.4;164.0;Si;20;8.0
56154;240;116;LG 22MN43D-PZ Monitor/TV 21.5 LED;119.83;150.0;Si;18;6.0
57808;240;192;Samsung UE32F6400 32 LED 3D;387.6;465.0;Si;30;9.0
50972;240;192;Samsung T22B300 TV 22 LED;123.14;154.0;Si;39;8.0
59214;240;160;Panasonic Viera TX-L32XM6E 32 LED;214.05;257.0;Si;31;10.0
55942;240;192;Samsung UE55F8000 55 LED 3D;1569.42;1883.0;Si;34;26.0
59409;240;89;Hisense K610XWSEU 50 LED 3D;530.58;637.0;Si;38;20.0
58270;240;192;Samsung UE40F5700 40 LED;437.19;525.0;Si;6;12.0
52587;240;86;Hannspree AD40UMMB 38.5 LED;260.33;312.0;Si;24;15.0
27060;244;192;Samsung Toner ML-1520D3 Negro 3000 Pag;71.07;89.0;Si;9;1.8
33470;244;192;Samsung Toner CLT-Y4092S Amarillo CLP-310/315/3175;36.36;47.0;Si;11;2.5
43608;244;192;Samsung CLT-R409/SEE Kit de Tambor CLP310/CLP315/CLX3175;96.69;121.0;Si;1;2.0
55025;244;192;Samsung Toner CLT-K406S Negro CLP-360/365/CLX-3300/3305;40.5;53.0;Si;6;1.2
43155;245;78;Tóner Compatible HP Q6473A Magenta 3600;37.19;48.0;Si;28;2.0
32252;245;78;Tóner Compatible HP Q6003 Magenta 2600/2605/CM1015/CM1017;24.79;32.0;Si;19;2.0
39838;245;152;Tóner Compatible HP CE255X Laserjet P3015;28.1;37.0;Si;17;3.5
50325;245;152;Tóner Compatible HP CE313A Magenta 100 CP/1025NW/1025/1020;16.32;21.0;Si;6;1.5
31216;245;152;Tóner Compatible HP Q7553X P2014/P2015/M2727;19.83;26.0;Si;2;3.0
21296;245;152;Toner Compatible HP C7115A Laserjet 1000W/1005W/1200;14.83;19.0;Si;100;2.5
43142;245;78;Tóner Compatible HP Q3960A Negro  2550/2550N/2550L;24.79;32.0;Si;9;1.5
49738;245;78;Tóner Compatible HP CE322A-G Amarillo 128A PRO/CM1415;19.01;25.0;Si;17;0.3
43128;245;152;Tóner Compatible HP CE285A Negro P1102/P1102W;13.84;18.0;Si;49;1.5
50323;245;152;Tóner Compatible HP CE310A Negro 100 CP/1025NW/1025/1020;16.32;21.0;Si;12;1.5
50321;245;152;Tóner Compatible HP CE311A Cian 100 CP/1025NW/1025/1020/M175;16.32;21.0;Si;18;1.5
34384;246;92;HP CB541A Cian CP1215/CP1515/CP1518;52.89;66.0;Si;32;2.0
34386;246;92;HP CB543A Magenta CP1215/CP1515/CP1518;52.89;66.0;Si;33;2.0
48023;247;222;Thermaltake Commander MS-I Snow Edition;37.19;48.0;Si;16;10.0
58428;247;145;NOX NX 100 USB 3.0 Negra 550W;39.67;52.0;Si;5;10.0
56051;247;215;Tacens Alum 500W;33.02;43.0;Si;23;8.0
45115;247;70;Fractal Define Mini;76.86;96.0;Si;9;15.0
46391;247;43;Corsair 500R Carbide Series Negra;89.26;112.0;Si;10;15.0
57427;247;145;NOX Krom K100 USB 3.0 Negra;31.4;41.0;Si;46;8.0
57522;247;22;B-Move Thea ATX 500W;22.31;29.0;Si;6;7.0
58134;247;222;Thermaltake Urban S31;69.42;87.0;Si;49;8.0
57688;247;22;B-Move Gea 500W;26.45;34.0;Si;39;8.0
55828;247;222;Thermaltake Chaser A31 Snow Edition;71.07;89.0;Si;5;10.0
56016;247;28;BitFenix Prodigy Blanca;56.16;70.0;Si;19;20.0
50901;247;145;NOX Coolbay SX USB 3.0;33.88;44.0;Si;96;12.0
51181;247;203;SilverStone GD05B USB 3.0 Negro;77.69;97.0;Si;28;8.0
59082;247;150;NZXT H630 ATX Negro;111.57;139.0;Si;2;15.0
50275;247;145;NOX Coolbay Slim;34.71;45.0;Si;10;7.0
57848;247;4;Aerocool VS-92 Black Edition;36.32;47.0;Si;12;5.0
57850;247;4;Aerocool V3X Advance Evil Blue Edition;22.27;29.0;Si;12;5.0
49709;247;4;Aerocool STRIKE-X Advance Roja;57.02;71.0;Si;27;5.0
49710;247;4;Aerocool STRIKE-X Advance Blanca;52.02;65.0;Si;10;5.0
44194;247;41;Cooler Master Elite 371 Negra;31.4;41.0;Si;36;8.0
54745;247;222;Thermaltake Chaser A31;68.6;86.0;Si;19;10.0
53961;247;43;Corsair Carbide 200R Black;47.07;61.0;Si;47;6.0
44523;247;222;Thermaltake Commander MS-I;36.36;47.0;Si;1;10.0
51685;247;215;Tacens Arcanus Pro USB 3.0;23.1;30.0;Si;24;10.0
45500;247;203;SilverStone TJ08-E Negra;67.77;85.0;Si;10;10.0
40129;247;222;Thermaltake V4 Black Edition;38.84;50.0;Si;35;10.0
40307;247;150;NZXT Phantom Blanca;97.52;122.0;Si;31;15.0
50511;247;145;Nox Nova;18.18;24.0;Si;27;10.0
49697;247;4;AeroCool Strike-X One;30.54;40.0;Si;2;12.0
50902;247;145;NOX Coolbay TX Docking USB 3.0;79.34;99.0;Si;11;15.0
51662;247;145;NOX Coolbay VX Red Devil USB 3.0;42.98;56.0;Si;37;12.0
52767;247;41;Cooler Master Elite 120 Advance;33.06;43.0;Si;3;6.0
54850;248;152;Tripode Mini Flexible;2.27;3.0;Si;17;0.4
49978;249;133;Mvision HD 270 Combo Net SAT + TDT;97.52;122.0;Si;29;3.0
53758;251;152;Reloj Pulsera LED;13.18;17.0;Si;61;0.5
55261;251;152;Cabezal de Ducha LED;12.36;16.0;Si;10;0.5
57042;251;152;Goobay Temporizador Programador Eléctrico Digital;8.22;11.0;Si;33;0.5
35796;253;142;Noctua NH-U12P SE2;47.11;61.0;Si;26;3.0
52617;253;215;Tacens Gelus Lite III +;21.45;28.0;Si;30;0.3
47098;253;41;Cooler Master GeminII M4 CPU Cooler;23.14;30.0;Si;25;1.5
47848;253;100;Intel Air Cooled Thermal Solution CPU Cooler;13.84;18.0;Si;8;0.3
47100;253;41;Cooler Master Hyper 412S CPU Cooler;25.58;33.0;Si;3;1.5
48024;253;222;Thermaltake Contac 39 CPU Cooler;28.1;37.0;Si;11;1.0
41488;253;142;Noctua NH-C14 Multisocket;57.85;72.0;Si;1;2.5
42627;253;14;Arctic Cooling CPU Freezer 13;20.62;27.0;Si;31;1.5
42127;253;221;Thermalright Archon CPU Cooler;42.93;56.0;Si;31;2.5
58804;253;41;Cooler Master V8 GTS;62.81;79.0;Si;39;1.0
58995;253;221;Thermalright AXP-200;43.76;57.0;Si;19;0.4
51947;256;145;Nox Taku Notebook Cooler LED Azul;12.6;16.0;Si;69;1.0
44195;256;41;Cooler Master NotePal U3;23.14;30.0;Si;13;1.5
51138;256;145;Nox Nashi Multifunctional Notebook Cooler;20.66;27.0;Si;6;2.5
46458;256;152;Notebook Cooler Ergostand Ventilador+Soporte;16.49;21.0;Si;6;3.0
44757;256;41;Cooler Master Notepal Ergostand;25.62;33.0;Si;18;2.0
51275;257;4;AeroCool Shark 120x120mm Blue Leds;10.7;14.0;Si;2;0.5
46870;257;197;Scythe Slip Stream Slim 120x120mm 2000rpm;7.4;10.0;Si;34;0.3
38657;257;41;Cooler Master Excalibur 120x120x25 PWM;11.36;15.0;Si;55;0.5
55460;257;142;Noctua NF-S12A ULN 120x120 800RPM;15.5;20.0;Si;54;0.3
55461;257;142;Noctua NF-S12A PWM 120x120;15.5;20.0;Si;16;0.3
54241;257;43;Corsair SP120 High Pressure Dual Pack;18.18;24.0;Si;39;0.3
35421;258;42;Cooltek Filtros Ventilador 80mm;1.24;2.0;Si;19;0.2
55184;259;142;Noctua NF-A14 ULN 140x140 650RPM;14.88;19.0;Si;19;0.5
55183;259;142;Noctua NF-A6X25 FLX 60x60;10.95;14.0;Si;9;0.3
57260;261;78;MediaTech MT4041 Videocámara Coche;35.54;46.0;Si;24;1.0
39097;261;226;Toshiba Camileo SX900 Full HD;139.67;175.0;Si;28;1.5
55602;261;189;Rollei Youngstar Bullet HD 720p Negra;37.98;49.0;Si;10;0.5
47160;261;226;Toshiba Camileo X200 Full HD;123.14;154.0;Si;2;1.5
41859;262;141;Nintendo DSi XL Amarilla;119.83;150.0;Si;31;1.0
54020;263;141;Nintendo Wii U Negra Premium Pack + Nintendo Land;230.58;277.0;Si;51;5.0
46973;263;141;Nintendo Wii Negra + Mario Kart + Volante;119.83;150.0;Si;42;6.0
52973;265;206;Sony PS3 Playstation 3 Slim 12GB;147.93;185.0;Si;70;5.0
55795;265;206;Sony PS3 Playstation 3 Slim 500GB;194.21;233.0;Si;65;5.0
55371;267;171;Playseat Revolution Evo Negro;255.37;306.0;Si;1;25.0
38202;267;223;Thrustmaster Ferrari F430 Force Feedback Racing Wheel PC/PS3;81.82;102.0;Si;34;12.0
41858;268;223;Thrustmaster T500 RS;338.84;407.0;Si;73;15.0
36942;268;121;Logitech Driving Force GT PC/PS3/PS2;103.31;129.0;Si;18;10.0
57696;269;12;Approx Webcam WC02B 1.3MP;9.88;13.0;Si;5;0.5
59068;269;88;Hercules Link Webcam;8.06;11.0;Si;10;0.4
58088;269;38;Conceptronic Flexcam HD 2.0 MP;12.19;16.0;Si;27;1.0
57697;269;12;Approx Webcam WC02B 1.3MP Blanco;10.12;13.0;Si;59;0.5
52811;269;121;Logitech HD Webcam C525;35.54;46.0;Si;18;0.5
45830;269;231;Trust eLight Full HD 1080p Webcam;23.97;31.0;Si;9;0.5
56590;270;126;Tarjeta Prepago Xbox 360 Live Gold 12 meses+800 Puntos;36.36;47.0;Si;37;0.1
56591;272;126;Microsoft Xbox 360 250GB;147.93;185.0;Si;32;3.5
57798;273;126;Grand Theft Auto V Xbox 360;49.55;64.0;Si;37;0.4
57783;273;206;Moto GP 2013 Edición Coleccionista Xbox 360;107.4;134.0;Si;33;1.0
57968;273;126;Call of Duty Black Ops II GOTY Xbox 360;51.2;64.0;Si;20;0.4
59402;273;206;Grand Theft Auto IV Xbox 360;21.45;28.0;Si;22;0.1
45792;274;49;Datel Wildfire2 Wired Controller Rapid Fire White Xbox360;18.14;24.0;Si;11;0.8
