53405;1;152;Adaptador MHL MicroUSB a HDMI Samsung Galaxy S3/S4;9.71;13.0;Si;4;0.3
48558;1;152;Funda TPU Negra Samsung Galaxy Nexus;1.86;3.0;Si;15;0.2
54846;1;152;Funda Polipiel Negra Carcasa y Soporte Galaxy S3 Mini;6.4;9.0;Si;4;0.3
51756;1;152;Batería para Samsung Galaxy S3 I9300;5.58;8.0;Si;17;0.1
51958;1;152;Batería para Samsung Galaxy Y;5.74;8.0;Si;11;0.2
48847;1;152;Funda Silicona Rosa Samsung Galaxy Mini;0.83;1.0;Si;7;0.2
53685;1;152;Funda Silicona Negra Samsung Galaxy Note 2;2.27;3.0;Si;10;0.2
51041;1;152;Protector Pantalla Samsung Galaxy S3;1.61;2.0;Si;20;0.05
50522;1;152;Funda TPU Negra Samsung Galaxy S2 I9100;2.69;4.0;Si;5;0.2
54588;1;152;Protector Pantalla para Sony Xperia Tipo;1.61;2.0;Si;13;0.1
59322;1;104;Funda Silicona Jiayu G4 Rosa;3.26;5.0;Si;10;0.1
51578;1;192;Samsung Flip Cover Galaxy S3 Azul;15.29;20.0;Si;7;0.1
52893;1;152;Funda+Bateria Samsung Galaxy Note;23.93;31.0;Si;7;0.3
54646;1;152;Funda TPU Rosa para LG Optimus L5;1.61;2.0;Si;14;0.2
52592;1;152;Funda Polka Negra Samsung Galaxy S3;6.4;9.0;Si;12;0.2
52490;1;152;Protector Pantalla Samsung Galaxy Ace;1.03;1.0;Si;11;0.1
54314;1;236;Unotec Soporte de Bicicleta para Galaxy S3;5.58;8.0;Si;8;0.5
57240;1;152;Funda Silicona Lisa Blanca Samsung Galaxy S4;2.27;3.0;Si;7;0.2
57243;1;152;Funda Flip Vertical para Samsung Galaxy S4 Blanca;3.93;6.0;Si;18;0.2
54812;1;152;Funda Polipiel Blanca con Carcasa y Soporte Galaxy Note 2;5.74;8.0;Si;6;0.1
57366;1;152;Batería Alta Capacidad 3500mah + Tapa Negra para Galaxy S2;10.54;14.0;Si;7;0.4
56982;1;192;Samsung Adaptador AC Para Dispositivo USB Galaxy S3/Note;12.36;16.0;Si;10;0.3
51024;1;152;Funda TPU Blanca Samsung Galaxy S3;1.86;3.0;Si;1;0.2
56963;1;152;Funda Rígida Graffiti Samsung Galaxy S3 Mini;2.48;3.0;Si;4;0.2
56993;1;29;BlackBerry Batería Original C-S2;13.18;17.0;Si;10;0.2
56968;1;152;Funda Rígida Rayos Samsung Galaxy S3;5.74;8.0;Si;14;0.2
57676;1;152;Funda Flip Cover Blanca para Samsung Galaxy S3;7.23;10.0;Si;1;0.2
57638;1;152;Funda Rígida Roja para Xperia S;2.48;3.0;Si;7;0.2
58028;1;152;Funda Flip Cover Negra para Optimus L5;5.74;8.0;Si;11;0.2
58006;1;152;Funda Silicona Negra Sony Xperia SP;2.44;3.0;Si;13;0.2
57956;1;152;Funda Silicona Rosa Sony Xperia L;2.44;3.0;Si;15;0.2
57637;1;152;Funda Rígida Negra para Xperia S;4.09;6.0;Si;6;0.2
57372;1;152;Dock + Cargador de Batería para Galaxy Note2;10.7;14.0;Si;4;0.4
54731;1;152;Funda Polipiel Blanca Sony Xperia U;1.65;2.0;Si;10;0.2
51885;1;181;QooPro Carcasa+Bateria Samsung Galaxy S3 Blanca;19.79;26.0;Si;14;0.3
55971;1;152;Carcasa+Batería Blanca para Samsung Galaxy S3;25.62;33.0;Si;4;0.3
56028;1;152;Protector Pantalla Samsung Galaxy S4;1.61;2.0;Si;5;0.1
55986;1;152;Funda Silicona Transparente Sony Xperia Z;3.26;5.0;Si;15;0.2
55607;1;152;Protector de Pantalla Google Nexus 4;1.61;2.0;Si;13;0.2
56563;1;152;Funda Silicona Violeta Samsung Galaxy S4;1.65;2.0;Si;8;0.2
56561;1;152;Funda Silicona Transparente Samsung Galaxy S4;2.44;3.0;Si;21;0.2
56559;1;192;Samsung Funda Flip Cover para Galaxy S4 Negro;15.5;20.0;Si;7;0.2
56528;1;152;Cargador de Red/Batería para Galaxy Ace;5.58;8.0;Si;13;0.1
56948;1;108;Kensington Funda Blanda para Samsung Galaxy S3;4.92;7.0;Si;6;0.2
56186;1;152;Samsung Batería Original para Galaxy S3 Mini;15.66;20.0;Si;18;0.2
55136;1;192;Samsung Flip Cover Galaxy S3 Azul Claro;15.91;21.0;Si;13;0.1
56195;1;152;Dock + Cargador de Batería para Galaxy S3;10.7;14.0;Si;16;0.4
58703;1;152;Funda Flip Para Huawei G510 Daytona Negro;6.57;9.0;Si;22;0.3
58226;1;152;Funda Silicona Negra para LG Optimus G;2.44;3.0;Si;14;0.2
56132;1;192;Samsung Flip Cover Galaxy S3 Granate;15.66;20.0;Si;4;0.3
56828;1;152;Funda Polipiel Huawei Ascend P6;4.09;6.0;Si;15;0.5
58829;1;152;Funda Rígida Poncho Samsung Galaxy Ace 2;4.09;6.0;Si;23;0.2
58813;1;152;Protector Pantalla LG Optimus L7 II;1.61;2.0;Si;14;0.1
58708;1;31;Bq Funda Protectora Aquaris 5 Verde;5.74;8.0;Si;11;0.2
58711;1;31;Bq Funda Protectora Aquaris 5 Negra;5.74;8.0;Si;8;0.2
58774;1;152;Funda Silicona Transparente Nokia Lumia 520;2.44;3.0;Si;9;0.2
58775;1;152;Funda Silicona Azul Nokia Lumia 520;2.44;3.0;Si;4;0.2
58203;1;152;Pack Full Accesorios Premium para Galaxy S3;23.93;31.0;Si;11;0.5
58204;1;152;Pack Accesorios básico para Galaxy S4;11.78;15.0;Si;11;0.5
54585;1;152;Funda Silicona Rosa Sony Xperia Tipo;1.03;1.0;Si;14;0.2
58075;1;152;Funda Polipiel Estilo con Carcasa y Soporte Galaxy S3;8.88;12.0;Si;10;0.2
56860;1;152;Batería Alta Capacidad 3500mA + Tapa Negra para Galaxy Ace;10.54;14.0;Si;7;0.4
58220;1;152;Funda Polipiel Azul para LG Optimus G;3.51;5.0;Si;8;0.2
54647;1;152;Funda TPU Azul para LG Optimus L5;1.61;2.0;Si;4;0.2
59321;1;104;Funda Silicona Jiayu G4 Negra;4.92;7.0;Si;11;0.1
59379;1;152;Funda Silicona Azul para Sony Xperia V;1.98;3.0;Si;19;0.2
59382;1;152;Funda Silicona Negra para Sony Xperia V;1.98;3.0;Si;18;0.2
59282;1;95;I-Joy Pack 5 en 1 para Elektra XL;18.14;24.0;Si;8;0.5
51079;2;227;TP-Link TL-MC1400 Base Expansión Rack 14 Bahías;74.34;93.0;Si;18;1.0
58991;3;152;Transmisor FM MP3 Player para Coche;8.22;11.0;Si;11;0.2
55266;3;152;Adaptador OBDII ELM Diagnóstico Coche Bluetooth PC/Android;20.62;27.0;Si;7;0.2
44907;3;152;Transmisor FM/Manos Libres Bluetooth Negro;16.49;21.0;Si;16;0.4
57405;3;38;Conceptronic Cargador Coche USB;4.92;7.0;Si;12;0.1
36085;4;42;Cooltek Junta Antivibraciones 80 mm;2.69;4.0;Si;6;0.2
30191;5;38;Conceptronic Adaptador HD IDE/SATA 2.5/3.5 USB;15.66;20.0;Si;10;1.0
44104;5;151;OCZ Bracket Adaptador SSD de 2.5 a 3.5;8.22;11.0;Si;10;0.3
52901;5;203;Silverstone SDP08B Adaptador de Bahía de 3.5 a 2.5;7.4;10.0;Si;18;0.5
54440;5;203;Silverstone TS09 Adaptador 2.5 a CDSlim 12.7mm;12.19;16.0;Si;13;0.3
59469;5;145;NOX Adaptador de 2.5 a 3.5;5.58;8.0;Si;1;0.2
58512;5;109;Kingston Adaptador de 2.5 a 3.5;4.09;6.0;Si;8;0.2
57028;5;110;Kloner Adaptador Bidireccional IDE/SATA;7.64;10.0;Si;13;0.2
52180;7;152;Kit 5in1 Conexión OTG Host Lector Tarjetas + USB iPad;5.74;8.0;Si;10;0.2
57091;7;152;Adaptador iPad/iPhone a VGA con Audio;23.97;31.0;Si;11;0.2
54404;8;236;Unotec Airdock Adaptador 30 Pin Bluetooth;12.19;16.0;Si;13;0.2
45066;8;152;Protector Pantalla/Carcasa iPhone 4/4S;1.03;1.0;Si;4;0.1
47231;8;152;Batería externa Blanca para iPhone/iPod;8.22;11.0;Si;11;0.3
55023;8;181;QooPro iPhone 4 Gamepad Grip;5.74;8.0;Si;9;0.3
54714;9;152;Pack Accesorios Esenciales para iPhone5;13.43;17.0;Si;7;0.5
52974;9;152;Brazalete Deportivo iPhone 5;4.92;7.0;Si;14;0.3
50018;11;152;Protector de pantalla para ebook 6;2.69;4.0;Si;10;0.1
54006;11;206;Sony Funda eBook PRS-T1/T2 Negra;23.97;31.0;Si;3;0.3
59173;13;64;Energy Sistem Funda MP4 C300 Pink Denim;2.07;3.0;Si;11;0.1
46280;13;64;Energy Sistem C310 Funda Deportiva Disco Pink;4.09;6.0;Si;14;0.3
51744;13;64;Energy Sistem C600 Pink Cloud XL;2.44;3.0;Si;10;0.2
57945;14;141;Nintendo Funda Rígida para Nintendo 3DS Roja;9.05;12.0;Si;5;0.3
56432;14;181;QooPro Funda Rígida para Nintendo 3DS Negra;2.48;3.0;Si;11;0.3
59345;14;152;Cargador Nintendo DSi/DSi XL/3DS;4.55;6.0;Si;2;0.3
56444;14;60;Dragon Funda Airfoam Brown para Nintendo DSi XL/3DS XL;4.92;7.0;Si;19;0.3
32832;14;60;Dragon NDS Lite AirForm Pocket Rosa;1.61;2.0;Si;15;0.5
36072;14;152;Kit 4 touch pen stylus Nintendo DSi;1.86;3.0;Si;11;0.2
44391;14;152;Pack de 4 punteros Nintendo 3DS;2.27;3.0;Si;4;0.1
49941;15;181;QooPro Cargador Doble Wiimote + Baterías Recargables Negro;9.88;13.0;Si;18;0.4
48010;16;213;Norton Tablet Security;21.49;28.0;Si;10;0.5
50484;17;136;Natec Cable de Seguridad por Código para Portátiles;4.09;6.0;Si;2;0.5
47960;17;152;Protector Portátil 12 3en1 Pantalla/Teclado/Carcasa;4.09;6.0;Si;7;0.2
59238;18;60;Dragon Funda Airfoam para PSVita Azul;4.92;7.0;Si;2;0.2
46699;19;206;Sony Wireless Stereo Headset 7.1 PS3;72.69;91.0;Si;14;2.5
30583;19;152;Cable Audio/Vídeo PS3/PS2;2.89;4.0;Si;8;0.5
53611;19;230;Tritton Kunai Stereo Headset PS3/PS Vita Negro;37.19;48.0;Si;13;1.5
58587;21;12;Approx Adaptador Micro USB a HDMI;12.4;16.0;Si;8;0.56
58783;22;152;Cargador de Red USB 1A;2.44;3.0;Si;20;0.2
58555;22;152;Funda Impermeable Azul para iPhone/Smartphone hasta 5;5.74;8.0;Si;11;0.3
56072;22;152;iPega Controller Bluetooth Android/iPhone;22.27;29.0;Si;16;0.5
56402;22;152;Convertidor Cargador de Red con Salida 12V Mechero;4.75;7.0;Si;14;0.2
51250;22;152;Cargador de Red Eléctrica MiniUSB/MicroUSB;3.72;5.0;Si;11;0.1
55144;22;152;Power Stick Batería Externa Azul;10.54;14.0;Si;17;0.4
48538;22;152;Bateria Externa Micro USB Negra;12.36;16.0;Si;12;0.2
57069;22;181;QooPro Lector de tarjetas Micro USB;6.2;8.0;Si;20;0.3
37920;24;152;Adaptador USB Audio con Volumen;8.47;11.0;Si;10;0.4
49138;26;243;WiFiSKY 2000mW USB Ralink 3070 + 26dBi Outdoor;35.54;46.0;Si;15;1.3
51094;26;227;TP-Link MA180 Módem 3G;27.27;35.0;Si;5;0.5
51715;26;12;Approx USB WiFi 11n Ralink 3070L 2W + 7dBi;15.91;21.0;Si;15;0.3
55999;26;115;LevelOne WUA-0614 Adaptador USB Inalámbrico 150Mbps;8.22;11.0;Si;13;0.4
54957;26;17;Asus USB-N66 Dual Band;33.02;43.0;Si;17;1.2
56727;26;152;WifiScan High Power WiFi USB 150N Ralink 2W 24dBi;30.58;40.0;Si;11;0.6
11729;27;165;Adaptador USB A PS2 (miniDIN6-M A USB-H);1.86;3.0;Si;9;0.2
48210;28;78;Logilink PC to TV Converter VGA a RCA/S-Video;24.79;32.0;Si;9;1.0
55380;30;183;Razer Destructor 2 Gaming Mousepad;33.06;43.0;Si;7;1.0
48734;30;183;Razer Goliathus Extended XL Speed;27.27;35.0;Si;8;0.4
57020;30;43;Corsair MM600 Alfombrilla Gaming Reversible;30.58;40.0;Si;9;0.2
31643;30;210;SteelSeries Steelpad QCK Mini;6.57;9.0;Si;14;0.5
54865;30;4;AeroCool Templarius Arma Gaming Mousepad;9.3;13.0;Si;12;0.4
52878;30;136;Natec Genesis M11 Gaming Mousepad;4.92;7.0;Si;17;0.2
11627;30;152;Alfombrilla Ergonomica Azul Gel;3.26;5.0;Si;15;0.2
52879;30;136;Natec Genesis M55 Gaming Mousepad;5.74;8.0;Si;10;0.2
35749;30;158;Ozone Ground Level S Gaming Mousepad;4.09;6.0;Si;3;0.3
49212;30;180;QooPro Alfombrilla Police Gaming;4.92;7.0;Si;12;1.0
58580;31;12;Approx Cargador de Coche USB 2.1A;7.4;10.0;Si;8;0.01
52976;31;78;Duplicador Conector Mechero Coche Compacto;4.09;6.0;Si;25;0.5
43765;32;165;Mini Altavoz Cápsula Morado;6.57;9.0;Si;5;0.5
43771;32;165;Mini Altavoz Cápsula Amarillo;6.57;9.0;Si;10;0.5
49527;32;236;Unotec MaxCube Altavoz MP3 Slot MicroSD Negro;12.36;16.0;Si;15;0.3
53043;32;38;Conceptronic Portable Stereo Bar;10.7;14.0;Si;15;1.0
46135;32;245;Woxter Big Bass 95;19.01;25.0;Si;7;1.0
57944;32;88;Hercules BTP04 Altavoz Bluetooth Todoterreno;70.25;88.0;Si;11;1.0
56241;32;231;Trust Raina 2.1 USB Subwoofer Speaker Set;14.26;19.0;Si;9;1.5
41522;32;88;Hercules XPS 5.1 70 Slim;80.99;101.0;Si;4;5.0
59516;32;152;Audio Retro Van Radio/MP3 Azul;23.97;31.0;Si;8;1.0
41271;32;44;Creative Inspire A220 2.1;23.14;30.0;Si;23;4.0
56797;32;236;Unotec Jaxter Altavoz MP3 Rosa;20.62;27.0;Si;18;0.4
49434;32;146;NPG BS-N2020-DT HD Barra Sonido +TDT+DVD+USB;66.94;84.0;Si;20;4.0
58265;32;64;Energy Sistem Z30 Altavoz Bluetooth;28.88;38.0;Si;8;1.0
39052;32;17;Asus Cine5 Altavoces 5.1;49.55;64.0;Si;7;4.0
32955;32;44;Creative Gigaworks T40 Series II;89.26;112.0;Si;9;4.0
44732;32;44;Creative ZiiSound T6 5.1 Bluetooth;247.11;297.0;Si;4;9.0
41148;32;44;Creative A60;11.78;15.0;Si;2;3.0
50706;32;88;Hercules XPS 2.0 60 DJ Set;61.98;77.0;Si;12;5.5
59002;32;246;X-MINI KAI Negro Altavoz Portátil;41.32;54.0;Si;7;0.2
55684;32;152;Altavoz sin Cables Magic Boost Negro;16.53;21.0;Si;20;0.5
56004;32;152;X-MINI II Azul Altavoz Portátil;18.97;25.0;Si;6;0.5
59186;34;192;Samsung HW-F550 Barra de Sonido Bluetooth 310W Negro;280.17;336.0;Si;9;1.0
57446;35;192;Samsung SEK-1000 Evolution Kit;164.46;197.0;Si;12;0.5
50142;36;152;Ubiquiti Loco M2 2.4 GHz 8dBi;40.5;53.0;Si;7;0.2
42539;36;227;TP-Link Antena Direccional 9dBi SMA;14.67;19.0;Si;2;1.0
44637;36;243;WifiSky Duplicador de antena WiFi SMA;5.99;8.0;Si;10;0.05
52692;37;152;Armario Rack Mini Mural 10 7HU;65.29;82.0;Si;12;20.0
51445;38;78;Logilink Spray Limpiador de Aire a Presión 400ml;5.74;8.0;Si;11;0.8
33749;38;12;Approx Toallitas Húmedas LCD 100 unds;4.09;6.0;Si;17;0.3
41507;38;12;Approx Spray Limpia Polvo de Aire Comprimido;6.4;9.0;Si;11;0.8
42004;38;152;Kit Limpia Pantallas Smartphones/Tablets/Portátiles/TV;5.74;8.0;Si;8;0.3
40976;40;200;Sennheiser PC 333 3D G4ME;74.38;93.0;Si;15;2.5
56157;40;152;Manos Libres Bluetooth para Moto;49.5;64.0;Si;9;0.4
48373;40;210;SteelSeries Siberia V2 USB White;71.9;90.0;Si;21;2.0
53820;40;136;Natec Eagle White Music Headset;8.22;11.0;Si;14;1.5
42305;40;200;Sennheiser HD 202 II;23.97;31.0;Si;8;3.0
49208;40;181;QooPro Auriculares Star Multimedia MicroSD/FM Azul;15.66;20.0;Si;20;1.0
54015;40;105;JVC Auricular HA-L50 Blanco;11.36;15.0;Si;1;1.0
54060;40;158;Ozone Rage ST Gaming Headset Blanco;23.14;30.0;Si;3;0.8
49634;40;200;Sennheiser HD 205 II DJ;29.75;39.0;Si;16;1.5
54058;40;158;Ozone Rage ST Gaming Headset Negro;23.97;31.0;Si;6;0.8
51054;40;167;Philips SHL-3000WT Auricular Blanco;11.53;15.0;Si;15;1.0
54190;40;170;Plantronics GameCom Comander 7.1;164.46;197.0;Si;9;2.5
54250;40;160;Panasonic Auricular RP-DJ100;11.57;15.0;Si;2;0.5
49640;40;152;Auricular Bluetooth Manos libres;16.32;21.0;Si;11;1.0
36161;40;17;Asus Travelite HS-1000W;30.54;40.0;Si;9;1.0
58321;40;114;Leotec Stereo High Quality 2.5;3.26;5.0;Si;9;0.4
51187;40;201;Sharkoon X-Tatic SP Plus PC/PS3/Xbox 360;41.28;54.0;Si;13;2.5
56516;40;192;Samsung Auricular+Manos libres Original Smartphone Negro OEM;8.22;11.0;Si;6;0.3
47569;40;200;Sennheiser RS 120 II Inalámbricos;52.89;66.0;Si;13;2.0
54968;40;183;Razer Tiamat Elite 7.1 Surround Sound;133.88;167.0;Si;13;2.0
40358;40;127;Monster Beats by Dr. Dre Solo HD Rojo;119.83;150.0;Si;7;2.5
58854;40;158;Ozone Rage 7HX 7.1 Gaming Headset USB Blanco;41.28;54.0;Si;10;1.0
56127;40;210;SteelSeries Siberia V2 Naranja;56.2;70.0;Si;15;1.5
46893;40;88;Hercules Auriculares HDP DJ ADV G501;59.5;74.0;Si;15;2.0
59453;40;183;Razer Kraken 7.1;75.21;94.0;Si;9;1.0
58500;40;64;Energy Wireless BT7 NFC Black;47.93;62.0;Si;7;1.0
46895;40;88;Hercules Auriculares HDP DJ Pro M1001;74.38;93.0;Si;7;2.0
58243;40;210;Steelseries Siberia V2 Blanco + Sensei RAW Call of Duty;69.42;87.0;Si;25;1.5
57555;40;167;Philips SHL-3100;15.08;20.0;Si;3;0.5
54729;40;183;Razer Kraken Pro Verde;60.33;75.0;Si;7;1.3
47204;40;211;SuperLux HD 669;19.01;25.0;Si;6;2.5
40470;40;183;Razer Megalodon 7.1 Surround Sound Gaming;93.39;117.0;Si;22;3.0
58793;40;152;LogiLink Zipper HS0023 Headset Verde;7.4;10.0;Si;19;0.5
54347;40;180;QooPro Square Bluetooth Stereo Headset Azul;21.49;28.0;Si;14;1.0
59212;40;40;CoolBox H309 Auriculares Bluetooth;15.08;20.0;Si;11;0.5
57444;40;167;Philips SHB-4000 Negro;23.1;30.0;Si;15;0.5
58724;40;183;Razer Kraken Negro;49.55;64.0;Si;19;1.3
57923;40;234;Turtle Beach Ear Force P11 HS EU;31.36;41.0;Si;16;1.0
44152;42;251;Zotac ZBOX ID41;164.46;197.0;Si;3;4.0
58836;42;251;Zotac ZBOX ID64;348.76;419.0;Si;14;1.5
56670;43;152;Batería de Portatil HP Pavilion DV7/DV8;25.62;33.0;Si;13;3.0
50032;43;152;Batería de Portatil Acer Aspire 4230/4330/4520/4720/4730;36.32;47.0;Si;7;3.0
59128;44;17;ASUS Adaptador Bluetooth 4.0 USB;10.66;14.0;Si;15;0.3
50433;45;152;Toner Compatible Brother TN230BK Negro;19.01;25.0;Si;11;2.5
50434;45;152;Toner Compatible Brother TN230C Cian;19.83;26.0;Si;11;2.5
44221;45;78;Brother Compatible LC985Y Amarillo;1.45;2.0;Si;12;0.2
44222;45;78;Brother Compatible LC985C Cian;1.45;2.0;Si;12;0.2
39904;45;78;Brother Compatible LC980M/LC1100M Magenta;1.45;2.0;Si;14;0.2
47035;46;33;Brother LC1220Y Tinta Amarilla;9.3;13.0;Si;11;3.0
47034;46;33;Brother LC1220M Tinta Magenta;9.71;13.0;Si;6;3.0
47032;46;33;Brother LC1220BK Tinta Negra;12.6;16.0;Si;19;3.0
50351;46;33;Brother LC1240C Cian;12.19;16.0;Si;17;0.3
31420;48;165;Cable IDE/ATA 100/133 80 Hilos;2.44;3.0;Si;17;0.2
15183;49;165;Cable Coaxial Antena Analogico 1.5m;1.24;2.0;Si;15;0.2
13074;49;165;Cable Euroconector/Scart Macho-Macho 1.5m;2.27;3.0;Si;7;0.2
56755;49;21;Cable Coaxial Antena Analogico 10m;3.26;5.0;Si;13;0.5
53498;50;152;Cable Lightning iPhone/iPad USB 1m;3.26;5.0;Si;10;0.2
52741;50;152;Cable USB iPhone/iPad/iPod 3 metros;3.72;5.0;Si;8;0.3
54165;50;152;Cargador 3 en 1 Coche/Red/USB para Iphone 5;8.22;11.0;Si;14;0.2
46062;51;152;Cable Adaptador SCHUCKO Hembra - IEC 320 Macho;4.75;7.0;Si;15;0.3
56756;52;67;Bobina 305m Cable Red Rígido UTP Cat.5e ECO;46.28;60.0;Si;10;7.0
59123;52;152;Cable de Red RJ45 Retractil 1.5m;2.27;3.0;Si;16;0.2
56754;52;67;Bobina 100m Cable Red Rígido UTP Cat.5e ECO;16.32;21.0;Si;9;5.0
52978;52;165;Digitus Cable de Red RJ45 Cat.6 10/100/1000 Gris (3 mt);3.1;4.0;Si;10;0.2
47700;52;58;Digitus Cable de Red RJ45 UTP Cat.6 10/100/1000 Gris (1m);1.61;2.0;Si;14;0.2
52552;52;67;Duplicador Conector de red RJ45 Cat 5e;3.1;4.0;Si;14;0.1
10204;52;58;Digitus Cable de Red RJ45 UTP Cat.5e 10/100 Gris (5m);3.1;4.0;Si;4;1.0
13652;52;165;Conector UTP Cat.5e RJ45-Macho 25unds;2.69;4.0;Si;9;0.02
48855;52;165;Protector Conector RJ45 Gris - Pack 25 unds;1.86;3.0;Si;8;0.2
51552;52;165;Duplicador 1xRJ45 hembra a 2xRJ45 hembra;1.45;2.0;Si;14;0.1
39734;53;152;Adaptador Mini DisplayPort a HDMI;7.23;10.0;Si;9;0.3
39728;53;152;Adaptador DisplayPort a HDMI;6.82;9.0;Si;19;0.2
28052;55;67;Cable DVI-D Macho a DVI-D Macho 3M;5.74;8.0;Si;9;0.9
47647;55;209;Adaptador de Cable Mini DVI Macho a HDMI Hembra;11.36;15.0;Si;5;0.2
20069;55;165;Adaptador VGA a DVI (HD15-Macho/DVI-I-Hembra);3.1;4.0;Si;15;0.2
52427;57;165;Cable HDMI Macho/Macho 1.8m Blanco;4.75;7.0;Si;5;0.2
53524;57;67;Cable HDMI 1.4 Macho/Macho Eco 20m;23.97;31.0;Si;10;3.0
52008;57;67;Cable HDMI a Micro HDMI 1.4 1m;3.93;6.0;Si;3;0.4
41297;57;165;Cable HDMI 1.4 Macho/Macho Alta Calidad 5m;10.54;14.0;Si;13;1.4
42046;57;67;Cable HDMI 1.4 Macho/Macho Alta Calidad 1m;2.69;4.0;Si;19;0.2
40774;57;67;Cable HDMI 1.4 Macho/Macho Alta Calidad 2m;3.72;5.0;Si;17;0.2
57700;57;67;Equip Adaptador HDMI a DVI 3m;5.17;7.0;Si;11;0.2
56586;57;181;QooPro Adaptador Mini HDMI Macho a HDMI Hembra;2.69;4.0;No;0;0.2
39176;58;165;Cable Alimentación Molex 4 Pines Macho a SATA 15 Pines;1.03;1.0;Si;9;0.3
52855;58;152;Cable Extensión Interno de Alimentación BTX 24 pines;3.93;6.0;Si;10;0.1
49704;58;152;Cable Prolongador 8 Pines PCI Express;1.86;3.0;Si;13;0.1
37539;58;150;NZXT CB 8P Cable Extensión Placa Base 8 Pines;6.4;9.0;Si;14;0.3
51248;59;152;HUB USB Para Samsung Galaxy TAB;6.57;9.0;Si;10;0.3
56050;60;152;Cable Certificado SATA3 6Gb/s 50cm Acodado;3.26;5.0;Si;22;0.3
48423;60;165;Cable SATA3 Acodado 50cm;2.02;3.0;Si;7;0.3
44467;60;165;Cable Datos SATA Recto 100cm;1.03;1.0;Si;9;0.1
36750;60;166;Cable eSATA a eSATA 1m;2.69;4.0;Si;3;0.3
32976;61;165;Bracket Placa Puerto Paralelo LPT DB-25;2.44;3.0;Si;9;0.2
42519;61;165;Bracket Placa Puerto Serie 2 x RS-232;4.92;7.0;Si;17;0.2
59600;62;152;Cable Helicoidal USB a Micro USB;2.44;3.0;Si;6;0.1
58973;62;31;BQ Adaptador Micro USB OTG para Tablets BQ;7.64;10.0;Si;5;0.2
59011;62;152;Cable USB 2.0 a Mini USB TipoB 1.8m;1.61;2.0;Si;7;0.1
57029;62;78;Logilink Cable USB 3.0 Amplificado 10m;47.93;62.0;Si;11;0.5
55171;62;181;QooPro Adaptador Micro USB OTG;2.44;3.0;Si;12;0.2
41075;62;165;Cable USB 3.0 AM/AH Macho/Hembra 3m;5.58;8.0;Si;11;0.4
51573;62;67;Cable USB3.0 AM/BM 1.8m Azul;3.51;5.0;Si;8;0.1
54113;62;165;Cable USB 2.0 AM/BM 1.8m Negro;1.45;2.0;Si;5;0.2
20217;63;165;Cable VGA HPDB15 Macho - 3 X RCA Macho 2m;3.1;4.0;Si;11;0.5
54987;65;249;DataStor External Box USB Para Discos 3.5;7.4;10.0;Si;10;0.6
56707;65;136;Natec Rhino Carcasa 2.5 USB 2.0;5.74;8.0;Si;9;0.6
46847;65;22;B-Move Carcasa HD 2.5 SATA Negra;4.92;7.0;Si;17;0.6
56626;65;164;Patriot Gaunlet Node 2.5 USB 3.0 WiFi;67.77;85.0;Si;10;0.6
45834;65;22;B-Move Carcasa HD 2.5 SATA Azul;4.92;7.0;Si;14;0.6
59078;65;250;Zalman ZM-MH200 U3 RAID Docking Dual USB 3.0;49.59;64.0;Si;16;0.4
39620;65;201;Sharkoon SATA QuickPort Duo USB3.0 V2;33.02;43.0;Si;3;2.0
48168;65;201;Sharkoon SATA QuickPort XT Duo USB3.0;26.4;34.0;Si;17;1.0
51214;65;136;Natec Oyster Carcasa 2.5 USB;7.4;10.0;Si;3;0.5
48520;65;225;TooQ Easydata Series 3518 Carcasa 3.5 IDE/SATA USB Aluminio;13.02;17.0;Si;14;0.5
43327;65;201;Sharkoon 5-Bay Raid Box USB 3.0;121.49;152.0;Si;6;4.5
42102;65;201;Sharkoon SATA QuickPort XT USB 2.0 + eSATA Negro;13.18;17.0;Si;6;2.5
35116;65;201;Sharkoon Rapid-Case 3.5 USB+eSATA;19.83;26.0;Si;7;3.0
58282;67;34;Canon Ixus 510 HS Blanca;118.18;148.0;Si;14;17.0
58267;67;34;Canon Ixus 125HS 16.1MP Roja;106.61;133.0;Si;13;1.0
58367;67;72;Fujifilm FinePix XP60 Full HD 16MP Sumergible Azul;120.66;151.0;Si;16;1.2
56409;67;140;Nikon Coolpix S4300 16MP Plata;66.07;83.0;Si;8;1.0
59405;67;206;Sony CyberShot DSC-W710 16.1MP Plata + Funda + SD 8GB;66.07;83.0;Si;3;1.5
50847;68;47;D-Link DCS-932L Cámara de seguridad WiFi N Visión Nocturna;56.16;70.0;Si;12;1.0
48447;68;152;Cámara IP WiFi Sensor Movimiento +LED;73.55;92.0;Si;11;1.0
58232;68;115;Level One FCS-5051 Camara IP;243.8;293.0;Si;16;1.3
55717;68;115;LevelOne Cámara de Red Domo PoE 2MP;187.6;225.0;Si;4;0.5
59125;68;47;D-Link DCS-5222L Cámara de seguridad WiFi Visión Nocturna;172.73;207.0;Si;16;0.54
50390;69;152;Canon Compatible PGI5BK-G Negro IP33000/4200/4300;2.27;3.0;Si;11;0.3
43593;69;78;Canon Compatible CL41 Cartucho Color;18.18;24.0;Si;12;0.2
48252;70;34;Canon CLI-526Y Cartucho Amarillo;11.36;15.0;Si;12;0.2
21662;70;34;Canon CL-41 Cartucho Color;18.18;24.0;Si;10;0.2
55818;72;11;Apple MagSafe 2 45W MacBook Air;57.81;72.0;Si;5;1.5
45545;72;11;Apple MagSafe 85W MacBook Pro 15.4/17;57.81;72.0;Si;11;1.5
55820;72;11;Apple MagSafe 2 60W MacBook Pro Retina 13;57.81;72.0;Si;6;1.5
45546;72;11;Apple MagSafe 45W MacBook Air;57.81;72.0;Si;10;1.5
52172;73;165;Cargador para Tablets 2.35mm 5V 2A;5.74;8.0;Si;9;0.5
57123;73;114;Leotec Cargador para Tablets 2.5mm 5V 2A;6.2;8.0;Si;20;0.5
59271;74;38;Conceptronic Cargador Universal 19V 90W + Hub USB;24.79;32.0;Si;19;1.0
58579;74;12;Approx Adaptador Universal para Notebook 90W;15.5;20.0;Si;3;2.0
51821;74;152;Inversor de corriente 12V 150W + USB;17.36;23.0;Si;14;3.8
44796;75;239;Verbatim Blu-Ray Disc Doble Capa 50GB 6x 5 Pack Jewel Case;34.71;45.0;Si;11;0.5
34431;75;239;Verbatim DVD +R DL Doble Capa 8x 8.5GB Caja 5 Unidades;9.05;12.0;Si;4;1.0
51801;75;239;Verbatim Blu-ray 25GB 6x Tarrina 25 Unds;33.02;43.0;Si;11;1.0
55015;76;175;Posiflex PP-6900 Impresora Tickets térmica;117.36;147.0;Si;7;5.0
50639;76;91;Honeywell MS-1202g Voyager Lector Código Barras Bluetooth;227.27;273.0;Si;5;1.0
40957;76;175;Posiflex PD-300 Visor de Cliente Puerto Serie;71.07;89.0;Si;16;2.0
54270;77;228;Transcend Tarjeta PCI Express 2 Salidas USB 3.0;10.7;14.0;Si;9;0.3
53773;77;38;Conceptronic 4-Ports Cube USB 2.0 Hub;4.92;7.0;Si;8;0.3
56399;80;152;LogiLink AV600 Destructora de Documentos 21L;33.06;43.0;Si;12;3.0
57791;80;152;LogiLink AV300A Destructora de Documentos 9L;18.97;25.0;Si;13;3.0
48663;83;242;WD Caviar Green 3.5 500GB SATA3 64MB;40.45;53.0;Si;24;0.8
56515;83;198;Seagate Barracuda 5.900 4TB SATA3;123.14;154.0;Si;26;1.0
51479;83;242;WD NAS Red 1TB SATA3;57.81;72.0;Si;9;0.2
42384;83;242;WD Caviar Black 2TB SATA3 64MB;114.88;144.0;Si;11;0.5
52021;83;242;WD Caviar Blue 1TB SATA3;47.89;62.0;Si;14;0.5
59267;83;198;Seagate SSHD 1TB SATA 3;71.07;89.0;Si;15;1.0
53377;83;90;Hitachi Deskstar 7K1000 1TB;51.2;64.0;Si;4;0.5
50116;83;198;Seagate Barracuda 7200.14 2TB SATA3 64MB Recertified;57.02;71.0;Si;18;2.0
58763;84;226;Toshiba STOR.E Slim 1TB 2.5 USB 3.0 Plata;67.77;85.0;Si;6;0.5
51607;84;198;Seagate Expansion Desktop 2TB 3.5 USB3.0;63.6;79.0;Si;15;2.0
52215;84;242;WD My Passport 1TB USB3.0 Azul;60.29;75.0;Si;4;0.5
57657;84;226;Toshiba Stor.E 2.5 2TB USB 3.0;91.74;115.0;Si;16;1.0
54423;84;242;WD My Passport 2TB 2.5 USB 3.0 Azul;106.61;133.0;Si;9;0.5
58348;84;242;WD My Book AV-TV 2TB 3.5 USB 3.0;95.04;119.0;Si;12;0.9
57579;84;226;Toshiba STOR.E Slim 500GB 2.5 USB 3.0 Plata;37.98;49.0;Si;20;1.5
57763;84;242;WD Elements 1TB 2.5 USB 3.0;56.16;70.0;Si;15;0.5
58350;84;242;WD My Passport Ultra 1TB 2.5 USB 3.0 Rojo;66.07;83.0;Si;7;0.16
41801;84;112;Lacie Rikiki 2.5 500GB Disco Duro USB 3.0;57.02;71.0;Si;19;1.0
38309;84;112;LaCie Rikiki 2.5 500GB Disco Duro USB 2.0;73.55;92.0;Si;14;1.0
58840;84;226;Toshiba STOR.E Partner 1TB USB 3.0 2.5 Naranja;53.68;67.0;Si;15;0.5
55016;84;198;Seagate Backup Plus 4TB USB 3.0;123.14;154.0;Si;1;2.0
57124;84;226;Toshiba Stor.E Canvio 2TB USB 3.0 Negro;61.94;77.0;Si;6;2.5
50941;84;198;Seagate Expansion External Drive 2TB 3.5 USB3.0 Recertified;90.08;113.0;Si;13;2.0
56850;85;82;GigaTV HD835 Disco Duro Multimedia 2TB Doble Sintonizador HD;169.42;203.0;Si;15;1.0
56813;85;39;Connection Carcasa Multimedia 3.5 HDMI USB 1TB;90.08;113.0;Si;11;1.2
52833;86;192;Samsung 840 Pro SSD Series 512GB SATA3 Basic Kit;313.22;376.0;Si;14;0.5
59153;86;43;Corsair Force LS 60GB SATA III;52.07;65.0;Si;5;0.5
59346;86;192;Samsung 840 Evo SSD Series 750GB SATA3;342.98;412.0;Si;14;0.5
56576;86;226;Toshiba Q-Series 128GB SSD SATA3;79.34;99.0;Si;5;0.3
58390;86;109;Kingston SSDNow V300 120GB Update Bundle Kit;79.34;99.0;Si;17;1.0
51456;86;193;SanDisk SSD 64GB SATA3;46.28;60.0;Si;11;0.3
59150;86;43;Corsair Force LS 240GB SATA III;150.41;180.0;Si;15;0.5
53642;86;193;SanDisk SSD 256GB SATA3;117.36;147.0;Si;9;0.3
52480;87;214;Synology DiskStation DS413 NAS SATA 4HD;367.77;441.0;Si;10;3.0
50457;87;214;Synology DiskStation DS112 NAS SATA USB 3.0;152.89;183.0;Si;8;2.5
52115;87;214;Synology DiskStation DS413j NAS SATA 4HD;247.11;297.0;Si;21;3.0
59224;87;120;LogiLink WiFi HDD Enclosure LogiCloud;49.59;64.0;Si;1;1.0
58622;87;47;D-Link DNS-320LW ShareCenter 2-Bay;62.81;79.0;Si;19;5.0
59182;87;120;LogiLink Wireless LAN Hub LogiCloud;46.28;60.0;Si;5;0.3
52242;87;47;D-Link DNS-325 NAS SATA 2HD;102.48;128.0;Si;22;2.2
59487;87;179;QNAP TS-569 Pro;690.08;828.0;Si;13;5.5
52699;89;190;Roxio Game Capture HD PRO;88.43;111.0;Si;7;1.0
58572;89;12;Approx Capturador de Video USB 2.0;14.05;18.0;Si;4;0.43
58930;90;152;Pulsera UP by Jawbone Talla L Negra;104.96;131.0;Si;11;0.01
57533;91;152;Epson Compatible T1803 Magenta XP-102/XP-205/XP-305/XP-405;4.92;7.0;Si;21;0.3
44053;91;78;Epson Compatible T1283 Magenta S22/SX125/420W/425W;2.44;3.0;Si;12;0.2
30325;91;152;Epson Compatible T0803 Magenta;1.45;2.0;Si;10;0.2
30329;91;152;Epson Compatible T0713 Magenta D78/DX4000/SX105/SX205/SX405;1.45;2.0;Si;5;0.2
38324;91;78;Epson Compatible T0612 Cian D68/88 DX3800/4200/4800;1.45;2.0;Si;11;0.2
16307;91;152;Epson Compatible T0551 Negro R240/245 RX420/520;1.45;2.0;Si;5;0.2
46305;91;152;Epson Compatible T1291 Negro BX305/BX525/BX625;3.1;4.0;Si;11;0.3
12891;91;152;Epson Compatible T0486 Magenta Claro Series RX/R;1.45;2.0;Si;5;0.2
10255;91;152;Epson Compatible T0444 Amarillo C64/C66/C82/C84/CX3650;1.45;2.0;Si;8;0.2
12582;92;66;Epson T0441 Negro Stylus Color C64/c84/ Cx3650;21.49;28.0;Si;16;0.2
41158;92;66;Epson T0893 Magenta Stylus S20/SX200/SX400/DX4400/BX300F;8.06;11.0;Si;9;0.2
41870;92;66;Epson ERC 38B Cinta Negra Original;3.26;5.0;Si;9;0.3
53802;92;66;Epson T7024 XL Amarillo WP-4000/4500;23.97;31.0;Si;9;0.2
38671;92;66;Epson T0483 Magenta Stylus Color Series RX/R;18.18;24.0;Si;16;0.3
53699;92;66;Epson T1804 Amarillo XP-102/XP-205/XP-305/XP-405;8.06;11.0;Si;10;0.3
12579;92;66;Epson T0422 Cian Stylus Color;15.5;20.0;Si;2;0.2
51108;92;66;Epson Toner Negro C1700/1750/CX17;55.37;69.0;Si;7;1.5
12585;92;66;Epson T0443 Magenta Stylus Color C64/c84/ Cx3650;16.49;21.0;Si;9;0.2
53700;92;66;Epson Multipack XP-102/XP-205/XP-305/XP-405;22.31;29.0;Si;15;0.8
54657;92;66;Epson T1293 Magenta STYLUS SX230/235W/420W/425W;12.36;16.0;Si;8;0.3
54659;92;66;Epson T1294 Amarillo STYLUS SX230/235W/420W/425W;12.36;16.0;Si;9;0.3
58905;93;102;Iris Pen Express 7 Scanner USB;67.77;85.0;Si;16;1.0
45262;94;201;Sharkoon Hub USB2.0 4 Puertos Interno 3.5;6.57;9.0;Si;6;0.4
52649;95;215;Tacens Radix VI 650W;36.32;47.0;Si;6;2.0
54061;95;145;Nox Urano TX 1050W;92.56;116.0;Si;15;3.0
52650;95;215;Tacens Radix VI 750W;39.63;52.0;Si;12;2.0
55502;95;201;Sharkoon WPM 500W Modular;41.28;54.0;Si;14;3.0
47797;95;4;AeroCool Strike-X Power 1100W;102.48;128.0;Si;10;3.0
48532;95;4;AeroCool Strike-X Power 600W;47.07;61.0;Si;6;4.0
57568;95;43;Corsair TX750M Enthusiast Series 750W Modular;90.08;113.0;Si;15;3.0
43777;95;43;Corsair TX850 V2 850W;94.21;118.0;Si;14;3.5
44090;95;43;Corsair TX750 V2 750W 80 Plus;84.3;105.0;Si;9;3.5
46377;95;152;Fuente de Alimentación TFX 500W;23.97;31.0;Si;17;1.5
53661;95;145;Nox Urano VX 750W PFC;44.63;58.0;Si;9;5.0
55520;95;43;Corsair CX750M 750W 80 Plus Bronce Modular;70.25;88.0;Si;3;5.0
55385;95;4;AeroCool Templarius Imperator 1150W 80 Plus Gold;105.79;132.0;Si;23;3.0
48839;95;23;Be Quiet Pure Power L8 CM 630W Modular;70.25;88.0;Si;1;3.0
45701;95;58;Digitus Tester Fuentes de Alimentación ATX LCD;23.14;30.0;Si;15;0.3
52555;95;38;Conceptronic DSK300 300W;9.88;13.0;Si;4;2.0
54909;95;43;Corsair VS550 550W;37.19;48.0;Si;8;2.0
59257;95;41;Cooler Master TM500;20.66;27.0;Si;8;1.0
42120;95;199;Seasonic S12II Bronze 620W;62.81;79.0;Si;6;3.0
55503;95;201;Sharkoon WPM 600W Modular;45.41;59.0;Si;6;3.0
36582;95;222;Thermaltake Dr. Power PSU Tester;9.88;13.0;Si;7;0.5
54116;95;145;Nox Urano VX 650W;36.36;47.0;Si;9;3.0
42411;95;22;B-Move TFX 300W;28.1;37.0;Si;16;2.0
59154;96;108;Kensington Protector iPad 2 Back Cover Negra;8.06;11.0;Si;11;0.2
55867;96;11;Apple iPad Smart Cover Piel Azul Marino;47.89;62.0;Si;7;0.4
51286;96;152;Funda Smart Cover iPad Roja;11.53;15.0;Si;18;1.0
50426;96;152;Funda 2Way Naranja Polipiel iPad;8.06;11.0;Si;17;0.5
54126;97;152;Funda Smart Cover Roja iPad Mini;11.36;15.0;Si;17;0.2
53628;97;236;Funda TPU para iPad Mini Negra;4.92;7.0;Si;14;0.4
55862;97;11;Apple iPad mini Smart Cover Verde;28.06;36.0;Si;20;0.4
55864;97;11;Apple iPad mini Smart Cover Roja;28.06;36.0;Si;19;0.4
55855;97;121;Logitech Ultrathin Keyboard Para iPad mini Negro;56.2;70.0;Si;9;1.2
49151;99;152;Funda impermeable Protectora iPhone/Smartphone;8.22;11.0;Si;5;0.3
42030;99;152;Funda Polipiel Negra iPhone 4/4S;3.26;5.0;Si;6;0.2
43058;99;152;Funda Polipiel Rosa iPhone 4/4S;3.1;4.0;Si;4;0.3
58914;99;152;Carcasa Aluminio Para iPhone 4/4S Violeta;3.51;5.0;Si;6;0.2
53268;100;152;Funda Silicona Negra para iPhone5;2.44;3.0;Si;7;0.1
52887;100;152;Funda TPU Rosa para iPhone5;1.61;2.0;Si;3;0.1
52873;100;152;Funda TPU Transparente para iPhone5;1.61;2.0;Si;9;0.1
59611;101;152;Funda Polipiel Giratoria Nuevo Google Nexus 7 Roja;10.95;14.0;Si;8;0.12
59588;101;152;Funda Universal Tablet 7 Diseño Real Madrid Negro;18.18;24.0;Si;15;0.4
59596;101;152;Funda con teclado para Samsung Galaxy Tab 3 7;19.79;26.0;Si;9;0.4
59582;101;152;Funda Universal Tablet 7 Diseño Furgo;18.18;24.0;Si;13;0.4
59595;101;152;Funda con teclado para Nuevo Google Nexus 7;19.79;26.0;Si;7;0.4
59576;101;152;Funda Universal Tablet 10 Diseño Times Square;21.49;28.0;Si;18;0.4
59427;101;152;Funda Polipiel Tablet 8 Con Soporte Negro;11.53;15.0;Si;6;0.5
59583;101;152;Funda Universal Tablet 10 Diseño Flores Victorio y Lucchino;21.49;28.0;Si;10;0.4
55792;101;192;Samsung Funda Trifolio Verde para Galaxy Tab 2;29.75;39.0;Si;12;0.4
58285;101;152;Funda Polipiel Tablet 10 Con Soporte Rosa;13.18;17.0;Si;13;0.5
59104;101;192;Samsung Book Cover Galaxy Tab 3 7 Rojo;23.97;31.0;Si;7;0.7
58291;101;152;Funda Polipiel para eBook/Tablet 6 con Soporte Negra;10.7;14.0;Si;9;0.5
59099;101;192;Samsung Book Cover Galaxy Tab 3 7 Gris;23.97;31.0;Si;8;0.7
58326;101;114;Leotec Funda Acolchada Negra Hasta 7;3.26;5.0;Si;16;0.3
58603;101;152;Funda 360 Para Galaxy Tab 3 10.1;10.54;14.0;Si;15;0.3
59109;101;192;Samsung Book Cover Galaxy Tab 3 10 Blanco;29.75;39.0;Si;2;0.7
58287;101;152;Funda Polipiel para eBook/Tablet 6 con Soporte Azul;10.7;14.0;Si;15;0.5
58944;101;114;Leotec Funda Libro Polipiel Negra 10.1;11.53;15.0;Si;11;0.3
58324;101;114;Leotec Funda Acolchada Negra Hasta 9.7;5.74;8.0;Si;14;0.3
58762;101;233;Tucano Funda Universal Negra 7 Para Tablet;5.58;8.0;Si;19;0.1
58935;101;114;Leotec Funda Libro Polipiel Negra 8;9.05;12.0;Si;9;0.3
55624;101;152;Funda Polipiel Tablet 10 Con Soporte Negro;13.18;17.0;Si;6;0.5
55833;101;152;Funda Polipiel Giratoria Blanca Samsung Galaxy Tab 10.1;10.95;14.0;Si;20;0.3
54454;101;152;Funda Polipiel Negra + Soporte 360  Google Nexus 7;10.54;14.0;Si;12;0.5
55835;101;152;Funda Polipiel Giratoria Rojo Samsung Galaxy Tab 10.1;10.95;14.0;Si;20;0.3
54566;101;192;Samsung Funda Trifolio Azul para Galaxy Tab 2;33.06;43.0;Si;25;0.4
53389;101;17;Asus Funda Travel Cover para Nexus 7 Dark Grey;13.84;18.0;Si;5;0.3
58322;101;114;Leotec Funda Acolchada Negra Hasta 10.1;5.74;8.0;Si;14;0.3
59098;101;217;Targus Funda Folio para Samsung Galaxy Tab3 8;15.5;20.0;Si;4;0.5
52640;101;180;Qoopro Funda Polipiel para Tablet/eBook 7 Negra;3.26;5.0;Si;11;1.0
58142;101;152;Funda con teclado Azul para Samsung Galaxy Note 8.0;23.93;31.0;Si;11;1.0
52944;101;152;Funda Smart Cover Azul Samsung Galaxy Tab 10.1;9.88;13.0;Si;16;0.3
52946;101;152;Funda Smart Cover Blanca Samsung Galaxy Tab 10.1;9.88;13.0;Si;14;0.3
45193;101;11;Apple Smart Cover Gris For iPad;28.88;38.0;Si;15;1.5
53549;101;136;Natec Funda Universal Sheep 10 Negra;5.74;8.0;Si;1;0.4
53550;101;136;Natec Funda Universal Sheep 10 Azul;3.31;5.0;Si;8;0.4
47488;101;152;Funda Soporte Polipiel Roja Samsung Galaxy Tab/Tab 2 10.1;10.7;14.0;Si;10;0.8
50413;101;152;Funda Universal Negra para Tablet PC 7 con soporte;8.06;11.0;Si;11;0.4
51982;101;152;Funda Polipiel Tablet 10 Con Soporte + Teclado USB Azul;15.66;20.0;Si;10;1.2
51983;101;152;Funda Polipiel Tablet 10 Con Soporte + Teclado USB Negro;15.66;20.0;Si;6;1.2
55709;101;17;Asus Pad TranSleeve Vivo Gris Para ME400;32.23;42.0;No;0;0.4
50497;102;136;Natec VisionR BAG-03 Funda Cámara Compacta;4.92;7.0;Si;9;0.3
55813;102;57;Difox Sports Pro 800;23.1;30.0;Si;3;2.0
55077;105;223;ThrustMaster Cars 2 Wireless S-Pad PC/PS3;28.88;38.0;Si;7;0.5
43323;105;126;Microsoft Xbox 360 Wireless Controller for Windows Negro;35.54;46.0;Si;15;1.0
57589;105;223;Thrustmaster T-Wireless Duo Pack;24.79;32.0;Si;7;2.0
52396;105;136;Natec Genesis P55 Gamepad PC USB;13.18;17.0;Si;15;0.5
52648;105;223;Thrustmaster GP Xid;17.36;23.0;Si;3;0.5
53166;106;224;Tomtom GPS XL Classic Iberia;85.12;106.0;Si;11;0.5
47428;106;224;TomTom GPS Start Classic Western Europe;76.03;95.0;Si;17;2.5
56353;107;116;LG BH16NS40 Grabadora DVD/Blu-Ray OEM;61.98;77.0;Si;11;2.0
57680;107;17;Asus SDRW-08D3S-U Grabadora DVDRW Externa USB PC/Tablet/TV;31.4;41.0;Si;14;1.0
58335;107;192;Samsung SE-208DB Grabadora DVD Slim Externa AV Roja;21.45;28.0;Si;12;1.0
57409;107;192;Samsung SH-224BB Grabadora DVD 24x OEM Negra;13.18;17.0;Si;19;0.5
49573;107;17;Asus SDRW-08D2S-U Lite Grabadora DVD Slim Externa USB Blanca;27.27;35.0;Si;20;1.0
44443;108;165;Testeador de Red RJ11/RJ12/RJ45;8.06;11.0;Si;19;1.0
55387;108;152;Westar Kit Destornillador 18 piezas Electrónica/Telefonía;5.74;8.0;Si;12;0.4
37904;108;58;Digitus Herramienta Crimpadora RJ45 (8p/8c);5.74;8.0;Si;17;0.4
49700;108;67;Kit Herramientas Para Redes LAN;13.18;17.0;Si;9;1.0
59418;109;206;Sony BDVNF620 Bluray 3D Home Cinema 2.1;326.45;392.0;Si;5;7.0
32503;110;92;HP C9393AE Num 88XL Amarillo;19.83;26.0;Si;10;0.2
32504;110;92;HP C9392AE Num 88XL Magenta;19.83;26.0;Si;12;0.2
13568;110;92;Hp C8766e Num343 Color;20.66;27.0;Si;5;0.5
12537;110;92;HP C6615DE Num15 Negro;25.62;33.0;Si;15;0.2
54373;110;92;HP 933XL Officejet Cian;11.53;15.0;Si;7;0.3
30360;110;92;HP C8719 Num363 Negro Alta Capacidad;23.14;30.0;Si;16;0.3
12534;110;92;HP C4844AE Num10 Negro 69ml;28.1;37.0;Si;17;0.5
37749;110;92;HP CB316EE Num364 Negro;9.05;12.0;Si;6;0.3
44492;110;92;HP CB325EE Num364 XL Amarillo;13.18;17.0;Si;7;0.3
44491;110;92;HP CB323EE Num364 XL Cian;13.18;17.0;Si;13;0.3
33984;110;92;HP CB338EE Num351 XL Color;25.62;33.0;Si;3;0.2
33948;110;92;HP CC643EE Num300 Color;13.18;17.0;Si;18;0.2
37556;111;227;TP-Link TL-SF1016D Switch 16 puertos 10/100;19.01;25.0;Si;10;3.5
54228;113;152;Halógeno LED Bulb GU10 3W Color variable con Mando;18.18;24.0;Si;11;0.2
51243;114;152;Soundscience Halo 6 LED Bias Lighting Kit;8.26;11.0;Si;9;0.2
58997;115;66;Epson LX-350 Matricial;171.07;205.0;Si;11;5.0
47055;115;92;HP Laserjet Pro P1606DN Laser Monocromo Dúplex Red;150.41;180.0;Si;9;10.0
56531;115;92;HP LaserJet Pro M401a Laser Monocromo;114.05;143.0;Si;17;15.0
34507;117;223;Thrustmaster T.Flight Hotas X PC/PS3;30.58;40.0;Si;8;3.5
59060;118;152;Planes (Aviones) 3DS;33.02;43.0;Si;8;1.0
58552;119;141;Los Pitufos 2 Wii;23.1;30.0;Si;16;0.4
57873;119;141;New Super Mario Bros Wii;34.67;45.0;Si;13;0.4
57993;119;141;Just Dance 4 Wii;33.02;43.0;Si;13;0.4
59403;120;206;Grand Theft Auto IV PC;21.45;28.0;Si;9;0.1
58069;121;206;The Elder Scrolls V Skyrim Legendary Edition PS3;37.15;48.0;Si;15;0.4
57620;121;206;Pro Evolution Soccer 2013 PS3;20.62;27.0;Si;2;0.4
57799;121;206;Grand Theft Auto V Edición Especial PS3;60.29;75.0;Si;6;0.4
55715;122;115;LevelOne KVM 4 Puertos USB;49.59;64.0;Si;10;1.0
44578;122;209;StarTech Kit Conmutador KVM USB + Audio 2 Puertos;28.1;37.0;Si;9;0.5
32339;122;47;D-Link DKVM-4K KVM Conmutador Teclado/Ratón/Vídeo 4 PCs;37.98;49.0;Si;11;1.0
51971;123;206;Sony PRS-T2 E-Book 6 WiFi Negro;90.08;113.0;Si;12;1.0
55405;124;11;Apple Mac Mini i5/4GB/500GB;508.26;610.0;Si;19;2.0
55482;125;128;Mooster Bandolera Duomo Negra hasta 10;9.88;13.0;Si;17;2.0
57019;125;219;Tech Air TABX406R Maletín Hasta 15.6 + Ratón;10.54;14.0;Si;10;0.8
55852;125;136;Natec Camel 2 Backpack 15.6;15.66;20.0;Si;14;1.5
45859;125;207;Soyntec Lapmotion 201 Yellow Bandolera Portátil 16;9.05;12.0;Si;6;1.0
46998;125;38;Conceptronic Abbrazzio Funda Portátil 16 Verde Lima;12.36;16.0;Si;7;0.8
55198;125;12;Approx Maletín básico Púrpura hasta 11;7.85;11.0;Si;7;1.0
55211;125;12;Approx Bolso Asa Retro Rosa hasta 11;16.49;21.0;Si;1;1.0
50942;125;12;Approx Maletín 15.6 básico;6.57;9.0;Si;22;1.5
54034;125;12;Approx Maletín Basico Gris 15.6;9.88;13.0;Si;8;0.5
52668;125;136;Natec Coral Funda Neopreno Portátil 12.1;6.57;9.0;Si;11;1.0
52522;125;136;Natec Hart Maletín Portátil 15.6;14.01;18.0;Si;20;2.0
51796;125;92;HP Backpack 15.6/16;18.18;24.0;Si;5;1.5
49553;125;219;Tech Air Z0101 Maletin Portátiles Hasta 15.6;9.71;13.0;Si;6;0.9
56879;126;152;Carcasa Negra para Macbook Retina Display 15.4;6.61;9.0;Si;9;0.5
56257;127;152;Mando a Distancia Llavero;4.09;6.0;Si;17;0.3
42735;129;141;Nintendo Wii/Wii U Remote Plus Negro;39.63;52.0;Si;8;1.0
36906;129;149;Nyko Mando Inalámbrico Wing Wii;14.83;19.0;Si;10;0.3
35646;129;141;Nintendo Wii Motion Plus;15.66;20.0;Si;9;0.5
51926;130;181;QooPro Gamepad Dual Shock III PS3/PC;8.22;11.0;Si;6;0.4
55474;132;128;Mooster soporte de monitor con cajonera;11.53;15.0;Si;19;3.0
59507;132;152;Soporte para CPU Bajo Mesa Plata;20.66;27.0;Si;19;5.0
52870;133;228;Transcend 400x CompactFlash Card 32GB;35.54;46.0;Si;8;0.2
28371;135;109;Kingston ValueRAM 1GB DDR2 667 PC2-5300;13.43;17.0;Si;10;0.2
30692;135;109;Kingston ValueRAM 2GB DDR2 667 PC2-5300;23.14;30.0;Si;3;0.2
31863;135;74;G.Skill Performance DDR2 800 PC2-6400 4GB 2x2GB CL4;49.55;64.0;Si;9;0.25
54062;136;43;Corsair Value Select DDR3 1333 PC-10600 2GB CL9;19.83;26.0;Si;12;0.3
50403;136;74;G.Skill Ripjaws X DDR3 1333 PC3-10666 8GB CL9;56.16;70.0;Si;5;0.4
55140;136;109;Kingston 8GB DDR3 1333 Para Fujitsu Siemens;102.48;128.0;Si;19;0.2
58872;137;109;Kingston HyperX Genesis DD3 1600 PC3-12800 16GB (2x8GB) CL9;132.23;165.0;Si;19;0.2
58876;137;109;Kingston HyperX DD3 1600 PC3-12800 16GB (4x4GB) CL9;112.4;141.0;Si;19;0.5
36178;137;74;G.Skill Ripjaws DDR3 1600 PC3-12800 6GB 3x2GB CL8;44.63;58.0;Si;11;0.3
43127;137;43;Corsair Vengeance XMP PC3-12800 DDR3 1600 8GB 2x4GB CL9;67.77;85.0;Si;15;0.3
40036;137;109;Kingston HyperX Blu DDR3 1600 PC3-12800 2GB CL9;19.83;26.0;Si;17;0.3
42473;137;74;G.Skill Ripjaws X DDR3 1600 PC3-12800 8GB 2x4GB CL8;58.64;73.0;Si;10;0.3
44818;137;109;Kingston HyperX Blu DDR3 1600 PC3-12800 4GB CL9;28.1;37.0;Si;6;0.3
46820;137;74;G.Skill RipjawsZ DDR3 1600 PC3-12800 16GB 4x4GB CL9;111.57;139.0;Si;20;0.4
56811;137;43;Corsair Value Select DDR3 1600 PC-12800 8GB CL9;61.16;76.0;Si;2;0.3
40874;137;74;G.Skill Ripjaws DDR3 1600 PC3-12800 12GB 3x4GB;85.12;106.0;Si;14;0.3
48586;138;74;G.Skill Ares DDR3 1866 PC3-14900 16GB 4x4GB CL9;113.22;142.0;Si;13;0.4
48929;139;74;G.Skill RipjawsZ DDR3 2133 PC3-17000 16GB 4x4GB CL9;130.58;163.0;Si;12;0.3
43951;139;74;G.Skill Ripjaws X DDR3 2133 PC3-17000 8GB 2x4GB CL11;58.64;73.0;Si;7;0.3
53491;139;109;Kingston HyperX Beast DDR3 2133 PC3-17000 16GB 2X8GB CL11;115.7;145.0;Si;14;0.2
55049;141;74;G.Skill TridentX DDR3 2600 PC3-20800 8GB 2x4GB CL10;99.17;124.0;Si;3;0.5
59261;141;74;G.Skill TridentX DDR3 2933 PC3-23400 8GB 2x4GB CL12;327.27;393.0;Si;8;0.1
58977;142;226;Toshiba MicroSDHC 16GB Clase 10;10.7;14.0;Si;4;0.1
54559;142;192;Samsung Pro MicroSDXC 64GB Clase 10;41.28;54.0;Si;8;0.2
55094;142;192;Samsung Plus MicroSDHC 32GB Clase 10;17.31;23.0;Si;18;0.2
57129;142;192;Samsung MicroSDHC 8GB Clase 4;6.4;9.0;Si;15;0.3
47816;142;193;SanDisk MicroSDHC 16GB Class 4;10.54;14.0;Si;8;0.3
53040;142;192;Samsung MicroSDHC 32GB Clase 6;15.66;20.0;Si;6;0.1
43966;142;109;Kingston MicroSDHC 8GB Class 10;8.22;11.0;Si;10;0.1
31332;142;109;Kingston MicroSDHC 4GB;5.58;8.0;Si;2;0.2
54541;143;192;Samsung SDHC 32GB Pro Class 10;23.14;30.0;Si;12;0.2
51875;143;228;Transcend SDHC 32GB 600X Clase 10 UHS-I;24.79;32.0;Si;14;0.1
57570;143;109;Kingston Technology SDHC 32GB Clase 10;18.18;24.0;Si;6;0.3
49559;145;45;Crucial DDR333 PC2700 1GB SODIMM;28.1;37.0;Si;8;0.1
41183;147;74;G.Skill DDR3 1333 PC3-10666 4GB SO-DIMM;27.23;35.0;Si;8;0.3
51769;147;109;Kingston ValueRAM 2GB DDR3 1333MHz PC3-10666 SODIMM;18.18;24.0;Si;7;0.1
41181;147;74;G.Skill DDR3 1066 PC3-8500 4GB SO-DIMM Para Mac;28.06;36.0;Si;7;0.3
32259;148;193;SanDisk Memory Stick Pro Duo 8GB;15.66;20.0;Si;4;0.15
35993;148;152;Adaptador Doble MicroSD a Memory Stick;4.09;6.0;Si;12;0.2
51811;149;193;SanDisk Cruzer 16GB USB;9.05;12.0;Si;12;0.3
55732;149;193;SanDisk Cruzer Extreme 32GB USB 3.0;29.71;39.0;Si;14;0.3
52593;149;152;Rec Memoria USB 8GB Grabador de Voz;14.83;19.0;Si;8;0.2
39976;149;109;Kingston DataTraveler G3 8GB;5.99;8.0;Si;12;0.3
54071;149;226;Toshiba Transmemory Mini Suruga 8GB USB;6.2;8.0;Si;9;0.3
47807;149;193;SanDisk Cruzer Edge 16GB USB;10.12;13.0;Si;22;0.3
52097;149;193;SanDisk Cruzer Facet 32GB USB Plata;15.5;20.0;Si;8;0.3
56227;149;109;Kingston DataTraveler Micro Black 64Gb;30.58;40.0;Si;18;0.3
56181;149;109;Kingston DataTraveler 100 G3 32GB USB3.0;17.36;23.0;Si;16;0.1
57720;149;109;Kingston DataTraveler SE9 16GB;9.71;13.0;Si;20;0.1
57520;149;39;Connection CN400 8GB Homer;10.54;14.0;Si;7;0.2
51118;150;88;Hercules DJ Control Instinct;70.25;88.0;Si;2;2.0
44612;152;250;Zalman ZM-MIC1 Microfono Clip;5.74;8.0;Si;3;0.3
51752;152;136;Natec Snake Micrófono de sobremesa;4.92;7.0;Si;6;0.6
55601;153;152;Raspberry Pi Rev2;32.19;42.0;Si;12;0.5
59505;153;236;Unotec SmarTivi Android Quad Core Smart TV;66.07;83.0;Si;8;0.3
59347;154;192;Samsung S27C750P 27 LED;260.33;312.0;Si;11;8.0
59548;154;17;Asus MX299Q 29 AH-IPS;416.53;500.0;Si;3;9.0
59213;154;17;Asus PB278Q 27 LED;452.89;543.0;Si;10;5.0
56047;154;116;LG 24EN33S-B 24 LED;116.53;146.0;Si;13;7.0
56265;154;152;Sinocan T06 17 Táctil;212.4;255.0;Si;13;7.0
56688;154;167;Philips 226V4LSB2 V-line 21.5 LED;90.08;113.0;Si;15;6.0
55523;154;116;LG 29MN33D TV/Monitor 29 LED;205.79;247.0;Si;24;8.0
55263;154;99;Iiyama Prolite T2452MTS 24 Táctil;222.31;267.0;Si;7;7.0
52693;154;192;Samsung S27B350H 27 LED;180.99;217.0;Si;11;8.0
55446;154;17;Asus VS247N 23.6 LED;114.88;144.0;Si;17;8.0
54562;154;51;Dell UltraSharp U2413 24 IPS;384.3;461.0;Si;18;11.0
56777;154;3;Acer T272HL 27 LED IPS Táctil;458.68;550.0;Si;10;12.0
56300;154;26;BenQ GW2255 21.5 LED VA;86.78;108.0;Si;11;8.0
55672;154;3;Acer H236HL 23 LED IPS;142.98;179.0;Si;9;5.0
52319;154;192;Samsung S24B150BL 23.6 LED;118.18;148.0;Si;15;4.0
45777;154;51;Dell UltraSharp U2312HM LED 23 IPS Negro;156.2;187.0;Si;9;10.0
56332;154;26;BenQ GL2023A 19.5 LED;74.34;93.0;Si;16;8.0
52683;154;51;Dell S2340L 23 LED IPS;152.89;183.0;Si;1;6.0
46499;155;92;HP LaserJet Pro M1212nf Multifunción+Red+FAX;142.15;178.0;Si;3;13.0
55977;155;34;Canon Pixma MG3150 Duplex/WiFi Blanca;45.45;59.0;Si;14;0.4
49504;155;33;Brother MFC-J6510DW A3 WiFi + Fax;106.61;133.0;Si;11;20.0
49503;155;33;Brother MFC-J430W WiFi + Fax;73.55;92.0;Si;17;9.0
54543;155;66;Epson WorkForce WF-2520NF Red/Fax;49.59;64.0;Si;15;7.0
46632;155;92;HP LaserJet Pro M1132 Multifunción;86.78;108.0;Si;15;12.0
57569;155;92;HP Photosmart 7520 WiFi + Fax;121.49;152.0;Si;10;10.0
54349;155;92;HP LaserJet Pro 200 Laser Color Fax Red;300.83;361.0;Si;18;27.0
59069;155;192;Samsung M2875FW/SEE Multifunción Láser Monocromo;185.12;222.0;Si;8;15.0
58113;155;185;Ricoh Aficio SP 100SUe Láser Monocromo;61.94;77.0;Si;12;10.0
54494;155;92;HP Deskjet 3055A Multifunción WiFi;42.15;55.0;Si;20;5.0
54691;155;33;Brother DCP-7065DN Láser Monocromo;133.06;166.0;Si;4;14.0
53199;155;92;HP LaserJet Pro 400 Color MFP M475dw Fax + WiFi + Red;547.93;658.0;Si;14;35.0
46405;155;92;HP Deskjet 3050A ePrint Multifunción WiFi;38.8;50.0;Si;13;6.0
34665;156;38;Conceptronic Multi Lector de Tarjetas All in One USB;8.06;11.0;Si;8;0.3
54458;156;152;Lector Tarjetas SD/MicroSD/SIM;5.17;7.0;Si;14;0.2
50602;156;38;Conceptronic Travel Multi Card Reader USB 3.0;9.05;12.0;Si;16;0.5
52810;156;175;Posiflex SR-1000 Lector DNI Electrónico y Tarjetas Chip;16.49;21.0;Si;12;0.5
57451;157;152;Omega OAN133 Netbook 13.3 Blanco;119.83;150.0;Si;13;3.0
57025;158;159;Packard Bell iMedia S2870 i3-3220/6GB/500GB/W8;288.43;346.0;Si;15;8.0
56845;158;238;PcCom Energy Plus i3-3220 /4GB/1TB/GT610-2GB LP;304.96;366.0;Si;16;15.0
57437;158;238;PcCom Experience i5-3350P/8GB/1TB/GTX 660 OC;536.36;644.0;Si;14;30.0
56025;158;238;PcCom Twister FX-8350/8GB/1TB/HD 7870;594.21;713.0;Si;13;30.0
58497;158;238;PcCom ICE G2030/4GB/1TB;227.27;273.0;Si;3;15.0
58278;158;238;PcCom ICE G470 /2GB/500GB;185.95;223.0;Si;12;20.0
59156;158;17;Asus CM1740 A4-3420/4GB/500GB;280.17;336.0;Si;15;8.0
57811;159;131;MSI AE2051 E2-1800/4GB/500GB/20 Táctil;428.93;515.0;Si;12;10.0
56198;159;17;Asus Transformer AiO i5-3350P/6GB/2TB/GT 730/18.4;968.6;1162.0;Si;8;20.0
57825;159;131;MSI AE2051 E2-1800/4GB/500GB/20;367.77;441.0;Si;15;10.0
53780;159;11;Apple iMac i5 2.9GHz/8GB/1TB/GT 660/27;1478.51;1774.0;Si;9;11.0
57795;159;131;MSI AG2712 Intel i7-3630QM/12GB/1TB/GTX 670M/27;1384.3;1661.0;Si;11;20.0
59033;160;152;Organizador Cables Velcro x5;4.09;6.0;Si;17;0.2
47448;161;201;Sharkoon X-Rest - Soporte Auriculares;10.33;13.0;Si;11;1.5
45261;162;152;Cargador de coche para Samsung Galaxy Tab + USB;7.4;10.0;Si;23;0.3
53769;162;192;Conceptronic Samsung Galaxy Tab OTG Combo Reader + USB;6.4;9.0;Si;13;0.3
49611;164;152;Pantalla Tripode Videoproyector 200x200cm 112;78.51;98.0;Si;6;12.0
30200;165;12;Approx Papel Mate 120gr A4 100 Hojas;5.99;8.0;Si;18;0.4
55110;166;152;Pasta térmica Gris Bote 50gr;4.09;6.0;Si;10;0.2
29603;166;15;Arctic Silver ArticClean 1&2 Frascos de 30ml;6.57;9.0;Si;14;0.2
35877;166;250;Zalman ZM-STG2 Pasta térmica;5.74;8.0;Si;13;0.1
40881;167;166;Peluche Patricio Patrick - Bob Esponja T1 23cm;5.37;7.0;Si;19;0.3
55164;168;166;Peluche Enjuto Mojamuto - Muchachada Nui 70cm;16.49;21.0;Si;9;0.4
37264;168;166;Peluche Enjuto Mojamuto - Muchachada Nui 22cm;4.92;7.0;Si;5;0.4
50876;169;166;Peluche llavero Cerdo Verde Angry Birds;6.57;9.0;Si;17;0.2
59290;169;166;Peluche Stormtrooper Angry Birds Star Wars 13cm;10.33;13.0;Si;13;0.2
59585;170;38;Conceptronic Pen Stylus Para Smarphones/Tablets Azul;5.99;8.0;Si;14;0.15
59590;170;38;Conceptronic Pen Stylus Para Smarphones/Tablets Blanco;5.99;8.0;Si;3;0.15
54091;172;152;Vinilo Decorativo Tetris iPhone Blanco;3.31;5.0;Si;6;0.2
54092;172;152;Vinilo Decorativo 2Bichosbola iPhone Blanco;3.31;5.0;Si;6;0.2
58482;172;152;Deco Vinilo Para iPhone 5 Azul;2.44;3.0;Si;2;0.01
58493;172;152;Deco Vinilo Para iPhone 4S Rojo;2.44;3.0;Si;12;0.01
58491;172;152;Deco Vinilo Para iPhone 4S Negro;2.44;3.0;Si;11;0.01
54082;173;152;Vinilo Decorativo Brick MacBook;3.31;5.0;Si;7;0.2
13472;174;165;Pila Botón 3V CR2032 de Lithium para Placa Base;1.03;1.0;Si;10;0.1
54386;174;167;Philips Powerlife Alkaline D LR20 Pack 2 unds;3.1;4.0;Si;14;0.3
45150;174;111;Kodak LR06-KAA Pack 4 Pilas Alkalinas AA LR06;1.61;2.0;Si;12;0.1
58867;174;206;Sony NI-MH AA Recargables Pack;8.22;11.0;Si;14;0.1
57856;174;111;Kodak Max Pila Botón 3V CR2025 Litio;0.79;1.0;Si;13;0.1
56286;176;16;Asrock 970 Extreme3 R2.0;61.98;77.0;Si;9;2.0
52305;176;17;Asus M5A97 LE R2.0;63.64;80.0;Si;10;2.5
44736;176;81;Gigabyte GA-970A-UD3;68.6;86.0;Si;6;3.0
59063;176;16;Asrock 980DE3/U3S3;50.41;63.0;Si;10;2.5
59407;178;16;Asrock FM2A75M-DGS R2.0 Socket FM2;48.76;63.0;Si;13;1.0
58736;178;16;Asrock FM2A85X-ITX;72.69;91.0;Si;8;2.5
59603;178;17;Asus A85XM-A;55.37;69.0;Si;1;1.0
53081;178;17;Asus F2A85-M;60.33;75.0;Si;8;2.0
52936;178;81;Gigabyte F2A55M-DS2;41.28;54.0;Si;21;1.5
53522;178;16;Asrock FM2A85X Extreme6;88.43;111.0;Si;25;2.5
57464;180;81;Gigabyte GA-Z87N-WIFI;108.26;135.0;Si;17;2.5
59024;180;17;Asus Maximus VI Formula;226.45;272.0;Si;22;2.0
57204;180;17;Asus H87M Plus;74.38;93.0;Si;19;2.0
57425;180;81;Gigabyte Sniper M5;152.07;182.0;Si;13;2.5
58112;180;16;Asrock Z87 Extreme9/ac;285.12;342.0;Si;13;3.5
57507;180;17;Asus Gryphon Z87;120.66;151.0;Si;8;2.5
57477;180;16;Asrock Z87 Pro4;95.04;119.0;Si;12;3.0
59410;180;16;Asrock H81M-GL Socket 1150;40.5;53.0;Si;9;1.0
57196;180;17;Asus B85M-E;62.81;79.0;Si;10;2.0
58320;180;81;GigaByte  G1 SNIPER B5;77.69;97.0;Si;13;2.0
57222;180;16;Asrock B85 Pro4;61.16;76.0;Si;15;2.0
57342;180;81;Gigabyte GA-Z87X-UD3H;123.14;154.0;Si;18;2.5
57543;180;17;Asus Z87-PLUS;123.14;154.0;Si;8;3.0
57473;180;81;Gigabyte GA-B85-HD3;70.25;88.0;Si;10;3.0
57494;180;17;Asus Z87-K;98.35;123.0;Si;16;2.5
57433;180;16;ASRock Z87 Extreme6;142.15;178.0;Si;18;2.5
57545;180;17;Asus Z87-Expert;166.94;200.0;Si;14;3.0
58047;180;17;Asus Maximus VI Extreme;297.52;357.0;Si;10;3.0
59545;180;17;Asus Z87-PLUS C2;127.27;159.0;Si;10;3.0
55410;181;81;Gigabyte GA-B75M-HD3;47.93;62.0;Si;17;2.0
46415;181;17;Asus P8Z68-V PRO/GEN3;80.12;100.0;Si;15;3.0
56910;181;16;Asrock H61MV-ITX;41.32;54.0;Si;9;2.5
56700;181;16;Asrock H61M-PS4;35.54;46.0;Si;13;2.5
54837;181;17;Asus P8B75-M LX PLUS;48.76;63.0;Si;4;2.5
58165;181;251;Zotac Z77ITX-A;114.88;144.0;Si;5;3.0
49533;181;16;Asrock H77M;57.02;71.0;Si;9;3.0
50387;181;16;ASRock H77 Pro4/MVP;66.12;83.0;Si;9;5.0
53340;181;16;AsRock B75M-GL R2.0;47.11;61.0;Si;20;3.0
50144;181;17;Asus P8Z77-V LK;102.48;128.0;Si;12;2.0
49387;181;81;Gigabyte GA-Z77-D3H;89.26;112.0;Si;14;2.0
50460;181;81;Gigabyte GA-B75M-D3V;47.93;62.0;Si;14;5.0
49893;181;16;ASRock Z77 Extreme4-M;85.95;107.0;Si;4;2.0
50398;181;16;ASRock B75 Pro3-M;54.55;68.0;Si;12;2.5
49882;181;16;Asrock Z77 Extreme6;123.97;155.0;Si;19;2.0
52306;181;17;Asus P8H61-M LX R2.0;40.5;53.0;Si;12;2.5
51891;181;17;Asus Maximus V Extreme;288.43;346.0;Si;13;2.0
49509;181;81;Gigabyte GA-H77-D3H;72.73;91.0;Si;10;1.0
46802;182;81;Gigabyte GA-X79-UD3;157.85;189.0;Si;8;3.0
47050;182;16;Asrock X79 Extreme4-M;152.07;182.0;Si;3;3.0
48304;182;17;Asus  Rampage IV Gene;222.31;267.0;Si;12;3.0
57528;182;16;Asrock X79 Extreme6;165.29;198.0;Si;11;3.0
59532;185;131;MSI GE60 2OE-223XES i5-4200M/4GB/500GB/GTX765/15.6;660.33;792.0;Si;26;5.0
57899;185;131;MSI GE60-050ES i7-4700MQ/4GB/750GB/GT750M/15.6;855.37;1026.0;Si;4;5.0
59020;185;3;Acer Aspire V5-121 C-70/2GB/320GB/HD 7290/11.6;233.88;281.0;Si;10;5.0
59136;185;159;Packard Bell EasyNote E1-2500/4GB/500GB/17.3;312.4;375.0;Si;12;5.0
59133;185;17;Asus K550CC-XX452H i3-2365M/4GB/500GB/GT720M/15.6;375.21;450.0;Si;8;5.0
59223;185;206;Sony Vaio SVF1521B P987/4GB/500GB/GT740M/15.5;380.17;456.0;Si;3;5.0
54003;185;17;Asus X55VD-SX046H i3-2350/4GB/500GB/GT 610/15.6;362.81;435.0;Si;5;5.0
54861;185;206;Sony Vaio Duo 11 SVD1121Q2EB i5-3317U/4GB/128GB/11.6;759.5;911.0;Si;5;3.0
55530;185;206;Sony Vaio SVE1513F4EW i7-3632/6GB/750GB/HD 7650M/15.5;619.01;743.0;Si;17;4.0
57083;185;17;Asus N56VZ i7-3630QM/8GB/1TB/GT 650M/15.6;901.65;1082.0;Si;7;5.0
57804;185;11;Apple MacBook Air Core i5/4GB/256GB/11.6;971.07;1165.0;Si;3;3.5
59270;185;159;Packard Bell EasyNote TE11 E1-1200/6GB/750GB/HD7310/15.6;271.9;326.0;Si;13;5.0
57166;185;226;Toshiba Satellite C855-2FF 2020M/8GB/640GB/15.6;376.03;451.0;Si;14;5.0
56804;185;3;Acer Aspire E1-571 i3-2348/8GB/500GB/15.6;334.71;402.0;Si;8;5.0
59157;185;92;HP 650 Intel 1000M/4GB/500GB/15.6;268.6;322.0;Si;10;5.0
58772;185;192;Samsung NP270E5E-K02ES i3-3120M/4GB/500GB/15.6;446.28;536.0;Si;15;2.2
58544;185;226;Toshiba Satellite L50-A-145 i5-4200U/6GB/500GB/15.6;497.52;597.0;Si;13;2.4
58844;185;92;HP Pavilion G7 Intel Pentium 2020M/6GB/500GB/17.3;342.98;412.0;Si;3;5.0
58677;185;113;Lenovo IdeaPad Y500 i7-3630QM/8GB/16GB SSD+1TB/GT650M/15.6;772.73;927.0;Si;12;5.0
55005;185;92;HP Pavilion Sleekbook 15-B117SS i3-3227/8GB/500GB/15.6;342.98;412.0;Si;10;5.0
57552;185;131;MSI GE60-062ES i7-4700MQ/8GB/750GB/GTX765M/15.6;947.11;1137.0;Si;7;5.0
58843;185;92;HP Pavilion G7 i3-3120M/6GB/500GB/HD7670M/17.3;428.93;515.0;Si;14;5.0
54717;185;92;HP Pavilion Sleekbook B119SS i5-3337/6GB/500GB/GT 630M/15.6;467.77;561.0;Si;7;5.0
56613;185;3;Acer V5 571PG i7-3537U/8GB/750GB/Táctil/15.6;598.35;718.0;Si;10;5.0
58956;185;226;Toshiba Satellite C850-1M7 i3-2348M/4GB/500GB/15.6;342.98;412.0;Si;16;5.0
58765;185;92;HP Pavilion 15-E022SS A4-5150M/4GB/1TB/HD8350/15.6;356.2;427.0;Si;19;2.3
58164;185;3;Acer Aspire E1-571 i5-3230M/4GB/500GB/15.6;371.07;445.0;Si;6;5.0
58605;185;17;Asus S551LB i7 4500U/8GB/1TB+24 GB SSD/GT740M/15.6 Táctil;826.45;992.0;Si;10;5.0
57855;185;131;MSI GT70-251ES i7-4700MQ/16GB/750GB+128GB SSD/GTX770M/17.3;1561.16;1873.0;Si;16;6.0
56779;185;17;Asus TX300CA-C4032 i5-3337U/4GB/500GB+128GB SSD/Táctil/13.3;1044.63;1254.0;Si;1;3.0
52985;185;17;Asus S56CA-XX024H i3-3217/4GB/320GB+24GB/15.6;428.93;515.0;Si;15;5.0
57605;185;17;Asus S56CB i5-3337U/4GB/500GB+24GB SSD/GT 740M/15.6;536.36;644.0;Si;7;5.0
58981;185;92;HP Pavilion Sleekbook 15-b000ss i3-3217U/6GB/500GB/15.6;326.45;392.0;Si;10;5.0
58081;185;206;Sony Vaio SVE1713A6E P2020M/4GB/500GB/17.3/Blanco;387.6;465.0;Si;5;5.0
59543;185;131;MSI GS70 Stealth 2OD-066ES i7-4700M/8GB/1TB/GTX765M/17.3;1321.49;1586.0;Si;16;5.0
59535;185;131;MSI GX70 3BE-065ES A10-5750M/8GB/750GB/HD8970M/17.3;908.26;1090.0;Si;9;5.0
59287;185;92;HP Pavilion G6-2355SS A4-4300M/6GB/500GB/HD 7670M/15.6;326.45;392.0;Si;9;5.0
55095;185;92;HP Pavilion G6-2212SS i5-3210M/6GB/500GB/HD 7670M/15.6;472.73;567.0;Si;5;5.0
55963;185;131;MSI GT70-1053ES Dragon i7-3630/16GB/750GB+SSD/GTX 680/17.3;1895.87;2275.0;Si;13;6.0
50824;185;11;Apple MacBook Pro Core i7/8GB/750GB/13.3;1197.52;1437.0;Si;10;5.0
53140;185;92;HP Pavilion G6-2009SS i3-2350M/6GB/500GB/HD 7670/15.6;406.61;488.0;Si;11;5.0
58799;185;17;Asus F75A-TY157H i3 2328M/4GB/500GB/17.3;408.26;490.0;Si;7;5.0
56054;185;226;Toshiba Satellite U940-10C i3-3217U/4GB/32GB+640GB/14;481.82;578.0;Si;8;6.0
53593;185;3;Acer Aspire V5-571G i3-2377/4GB/750GB/GT 620M/15.6;362.81;435.0;Si;19;5.0
59216;185;131;MSI GE40-2OC-032ES i7-4700MQ/8GB/750GB/GTX760M/14;937.19;1125.0;Si;18;4.0
59472;185;113;Lenovo IdeaPad Z500 i7-3612QM/8GB/1TB/GT635M/15.6;652.07;782.0;Si;17;5.0
59013;185;3;Acer Aspire E-571G i7-3612QM/8GB/500GB/G710M/15.6;506.61;608.0;Si;10;5.0
54788;185;3;Acer Aspire V3-771G i3-3120M/4GB/500GB/GF 710/17.3;412.4;495.0;Si;9;5.0
59358;185;113;Lenovo Essential B590 Intel Pentium P2020/2GB/320GB/15.6;247.11;297.0;Si;13;5.0
36515;186;121;Logitech Wireless Presenter R400;28.88;38.0;Si;14;0.5
45335;187;8;AMD Athlon II 270 X2 Dual Core 3.4Ghz AM3 Box;37.15;48.0;Si;10;1.0
52712;187;8;AMD FX Series FX-8320 3.5Ghz 8X;114.88;144.0;Si;7;0.5
52711;187;8;AMD FX Series FX-8350 4.0Ghz 8X Black Edition;138.02;173.0;Si;10;0.5
37869;187;8;AMD Phenom II X4 965 Quad-Core Black Edition;79.3;99.0;Si;10;1.0
52706;187;8;AMD FX Series FX-4300 3.8Ghz 4X;78.51;98.0;Si;18;0.5
53036;189;8;AMD Athlon II X4 740 3.2Ghz;54.55;68.0;Si;15;0.5
57456;190;100;Intel Core i5-4570S 2.90Ghz Box;148.76;186.0;Si;13;0.5
59377;190;100;Intel Core i3-4130 3.4Ghz Box;100.83;126.0;Si;9;0.5
57052;190;100;Intel Core i5-4670K 3.4Ghz Box;172.73;207.0;Si;10;0.5
59372;190;100;Intel Core i5-4440 3.1Ghz Box;139.67;175.0;Si;7;0.5
59392;190;100;Intel Pentium G3220 3.0Ghz Box;51.24;64.0;Si;18;0.5
51859;191;100;Intel Core i3-3240 3.4 Ghz Box;88.43;111.0;Si;19;0.5
57942;191;100;Intel Pentium G2030 3.0GHz Box;43.8;57.0;Si;10;1.0
51594;191;100;Intel Core i5-3470 3.2Ghz Box;136.36;170.0;Si;10;0.5
57740;191;100;Intel Celeron G470 2.0GHz Socket 1155;28.1;37.0;Si;3;1.0
59434;193;145;Bolsa Regalo Nox Krom Pro Gaming;17.36;23.0;Si;11;0.2
57401;194;152;Protector Pantalla Samsung Galaxy Note 8.0;2.44;3.0;Si;3;0.1
58728;194;152;Protector de Pantalla para Xperia Z Tablet;5.74;8.0;Si;11;0.5
55416;194;20;Avrha Protector de Pantalla Para bq Curie;6.57;9.0;Si;19;0.2
58449;194;152;Protector de Pantalla Para Galaxy Tab 3 7;2.44;3.0;Si;2;0.1
59288;194;17;Asus Protector de pantalla para Nuevo Nexus 7;11.36;15.0;Si;13;0.1
53249;194;152;Protector de pantalla Samsung Galaxy Note 10.1;2.89;4.0;Si;8;0.2
54572;194;20;Avrha Protector de Pantalla Para Bq Elcano;7.4;10.0;Si;3;0.2
45537;195;225;TooQ Soporte Proyector Universal Techo Negro;15.5;20.0;Si;18;3.5
58262;195;3;Acer P1163 3000 Lumens;251.24;301.0;Si;8;5.0
57840;196;235;Ubiquiti UniFi Enterprise Punto de Acceso Exterior 300 Mbps;71.07;89.0;Si;14;2.0
57839;196;235;Ubiquiti Nanostation M5 Punto de Acceso Ext. WiFi 150 Mbps;69.42;87.0;Si;9;2.0
55185;196;62;Edimax EW-7428HCN Punto de Acceso/Repetidor 300N para Techo;43.8;57.0;Si;13;0.5
42593;196;227;TP-Link TL-WA801ND Punto de Acceso WiFi N 300Mbps;27.27;35.0;Si;14;2.0
41088;196;227;TP-Link TL-WA730RE Repetidor WiFi 11n;18.97;25.0;Si;3;2.0
37677;196;227;TP-Link TL-WA901ND Advanced Access Point 11n;40.5;53.0;Si;7;2.5
43489;197;232;Thermaltake Tt eSPORTS Black Element 6500 DPI;41.28;54.0;Si;19;1.2
55098;197;38;Conceptronic Optical Mouse Gris USB;4.75;7.0;Si;8;0.5
59606;197;17;Asus UX300 Ratón 1600 DPI;10.33;13.0;Si;6;0.5
48237;197;22;B-Move Black Shark 2000dpi Gaming Mouse Verde;10.7;14.0;Si;24;0.9
59054;197;2;A4tech Bloody Multi-Core GUN3 V7;16.49;21.0;Si;15;0.5
44178;197;2;A4tech XL-760H Anti-Vibrate Laser Gaming 3600 DPI;15.66;20.0;Si;10;0.8
50474;197;136;Natec Mango 1600 DPI Wireless Optical;9.88;13.0;Si;19;1.2
57151;197;121;Logitech Gaming Mouse G300s;28.88;38.0;Si;16;0.8
51035;197;79;Genius GX DeathTaker 5700 DPI Láser;24.75;32.0;Si;7;1.3
57747;197;38;Conceptronic Optical Mouse Verde USB;5.74;8.0;Si;15;0.5
46330;197;183;Razer Imperator 2012 4G Dual Sensor 6400 DPI;52.85;66.0;Si;6;1.5
52687;197;215;Tacens Levis Wireless Blanco;8.06;11.0;Si;4;0.4
39582;197;11;Apple Mighty Mouse For Mac/PC;40.45;53.0;Si;21;0.3
57294;197;22;B-Move Gaming BG Venom 2400 DPI Optical;12.6;16.0;Si;9;0.5
50057;197;210;SteelSeries Kinzu v2 Rubberised;27.27;35.0;Si;6;0.6
54359;197;136;Natec Squid 1600DPI Wireless Laser Negro;14.83;19.0;Si;12;0.4
50467;197;136;Natec Genesis G55 Gaming Mouse 2000 DPI Optical;16.49;21.0;Si;8;1.0
51208;197;121;Logitech G600 MMO Gaming Mouse Blanco;49.55;64.0;Si;12;0.5
52574;197;136;Natec Falcon 1600 DPI Wireless Laser Negro/Rojo;13.18;17.0;Si;15;1.5
51897;197;81;Gigabyte Aivia Krypton Gaming Mouse 8200 DPI;48.76;63.0;Si;15;0.5
50469;197;136;Natec Genesis G33 Gaming Mouse 2000 DPI Optical;12.36;16.0;Si;17;1.0
52884;197;136;Natec Viper Mini Optical Mouse 800 DPI Retráctil Amarillo;5.74;8.0;Si;9;0.3
34501;197;201;Sharkoon FireGlider Láser Mouse;18.97;25.0;Si;11;0.6
51211;197;136;Natec Osprey 1600 DPI Wireless Optical;13.18;17.0;Si;7;0.6
52414;198;227;TP-Link TL-PA411 AV500 Mini Powerline;18.18;24.0;Si;12;0.4
58896;198;227;TP-Link TL-PA4030KIT AV500 Powerline Starter Kit;52.02;65.0;Si;8;1.0
58682;198;227;TP-Link TL-PA6010KIT Adaptador PowerLine;59.5;74.0;Si;10;0.5
55369;198;115;LevelOne PLI-4051D AV500 Powerline Gigabit Starter Kit;41.28;54.0;Si;10;0.3
58894;198;227;TP-Link TL-PA2030KIT AV200 Powerline w/AC Starter Kit;35.5;46.0;Si;15;1.0
59161;199;222;Thermaltake Water 3.0 Performer;60.33;75.0;Si;15;0.9
53273;199;41;CoolerMaster Seidon 120M;44.63;58.0;Si;7;2.0
55153;199;43;Corsair Cooling Hydro Series H110;90.08;113.0;Si;10;5.0
55888;199;41;CoolerMaster Seidon 240;75.21;94.0;Si;7;2.0
48483;199;9;Antec Kuhler H2O 620;41.28;54.0;Si;1;2.5
48626;200;10;APC Surge Arrest Performance 230V;30.58;40.0;Si;11;2.5
57965;200;152;Protector Eléctrico Schuko 360 + 2 Conexiones USB;10.7;14.0;Si;8;0.3
32740;201;42;Cooltek Filtro Anti Polvo 120x120mm;2.27;3.0;Si;13;0.05
53435;202;116;LG BP-125 Blu-Ray USB;51.2;64.0;Si;8;3.0
55599;202;192;Samsung BD-F5500 USB 3D;62.81;79.0;Si;4;4.0
59296;203;95;I-Joy Juno Reproductor DVD+TDT;41.28;54.0;Si;6;2.0
55749;203;27;Best Buy Easy Home Combo USB 12 TDT;30.58;40.0;Si;14;1.5
49677;204;236;Unotec Clip Reproductor MP3 MicroSD;7.4;10.0;Si;4;0.3
57495;204;11;iPod Shuffle 2GB Grafito;41.28;54.0;Si;13;0.3
58254;204;64;Energy Sistem MP3 Aquatic 2 4GB Deep Blue;34.71;45.0;Si;13;2.0
47688;204;64;Energy Sistem 2504 MP4 Sport 4GB Azul;33.02;43.0;Si;15;0.4
57857;204;208;SPC 883 MP3 Acuático Rosa;24.79;32.0;Si;14;0.2
58166;204;11;iPod Touch 32GB 5a Generación Blanco;252.07;302.0;Si;7;0.5
59553;204;95;i-Joy MP3 Blink 8GB Azul Claro;15.66;20.0;Si;13;0.15
59423;205;187;Rikomagic MK802 IIIS Dual Core Android TV;37.15;48.0;Si;4;0.3
42076;205;17;Asus O!Play Mini Full HD Media Player;56.2;70.0;Si;12;2.5
56395;205;245;Woxter i-Cube 2800 Disco Multimedia 1TB TDT HD Grabador;114.88;144.0;Si;3;1.2
57043;205;64;Energy Sistem Android TV Dongle;42.93;56.0;Si;15;1.0
49162;206;64;Energy Sistem Mobile DVD D9 Wireless Game;85.12;106.0;Si;12;1.0
47693;206;64;Energy Sistem TV3170 HDTV Blanco 7 TDT DivX USB Grabador;49.55;64.0;Si;17;1.5
45754;206;244;Wolder LuxOn Dual DVD Portátil Doble Pantalla 9;185.95;223.0;Si;5;5.0
56522;208;152;Batería para iPhone 3G;4.13;6.0;Si;15;0.2
54634;208;152;Batería para iPhone 4;6.4;9.0;Si;3;0.2
54630;208;152;Botón Home Blanco para iPhone 4;4.75;7.0;Si;16;0.1
46642;209;218;Taurus Striker Mini Robot;64.42;81.0;Si;13;3.0
44240;210;227;TP-Link TL-WR740N Wireless Router Lite N 150Mbps;13.43;17.0;Si;5;1.5
43531;210;227;TP-Link TL-WR841N Wireless Router Neutro 11n;15.66;20.0;Si;9;2.0
50702;210;227;TP-Link TL-WDR4300 Wireless N750 Dual-Band;56.98;71.0;Si;10;2.5
50301;210;227;TP-Link TL-MR3040 Portable Router 3G Wireless N con Batería;36.36;47.0;Si;3;1.2
49626;210;17;Asus DSL-N55U Router Gigabit ADSL Dual-Band Wireless-N600;80.17;100.0;Si;8;2.0
53051;210;227;TP-Link TD-VG3631 Wireless Router 300Mbps VoIP;64.46;81.0;Si;17;1.5
59424;210;47;Dlink DIR-868L Router WiFi AC Dual Bnad;142.98;179.0;Si;16;0.5
58280;210;118;Linksys Smart Wi-Fi Router EA3500;71.9;90.0;Si;5;15.0
55008;210;227;TP-Link TL-WDR4900 Wireless N900 Dual-Band;69.42;87.0;Si;10;5.0
58090;210;17;Asus RP-N53 Router Dual Band N600;52.07;65.0;Si;11;0.5
37536;210;227;TP-Link TD-W8960N Módem Router ADSL2+ Wifi 11n;29.75;39.0;Si;3;2.5
58669;210;37;Cisco RV180 4 Puertos Gigabit;92.56;116.0;Si;8;2.0
56774;210;17;Asus RT-N10E Router Wireless N150;14.83;19.0;Si;13;0.8
29697;211;10;APC Back-UPS CS 650VA 230V;92.56;116.0;Si;8;12.0
46166;211;191;Salicru SPS SOHO+ 800VA;67.77;85.0;Si;14;6.0
39526;211;191;Salicru SPS One 900VA SAI;42.98;56.0;Si;15;5.0
58381;212;152;Eminent Kit Inicio Alarma Móvil Inalámbrico;177.69;213.0;Si;15;0.27
48956;214;152;Silla de oficina Columbia;53.68;67.0;Si;5;15.0
52954;217;126;Microsoft Windows 8 64bits OEM;71.03;89.0;Si;8;0.2
54855;217;126;Windows Small Business Server 2011 Essentials OEM 25Cal.;304.96;366.0;Si;1;0.3
57293;218;116;LG Optimus L5 II Negro Libre;126.45;158.0;Si;7;0.7
54704;218;116;LG Optimus L9 Blanco Libre;164.46;197.0;Si;10;1.5
57117;218;192;Samsung S5660 Galaxy Gio Plata Libre;86.78;108.0;Si;8;0.5
58690;218;116;LG Optimus G Blanco Libre;268.6;322.0;Si;12;0.5
53468;218;206;Sony Xperia T Negro Libre;214.05;257.0;Si;19;0.4
55886;218;206;Sony Xperia Z Blanco Libre;371.07;445.0;Si;12;0.5
58293;218;192;Samsung Galaxy S4 Zoom Blanco;329.75;396.0;Si;21;1.0
56507;218;116;LG Optimus L3 Blanco Libre;84.3;105.0;Si;7;0.5
58635;218;236;Unotec Alpha II Dual Azul Libre;90.87;114.0;Si;14;0.5
58432;218;206;Sony Xperia L Rojo;185.95;223.0;Si;17;0.8
53098;218;206;Sony Xperia Tipo Dual Gris Libre;92.56;116.0;Si;14;0.5
56134;218;192;Samsung Galaxy Young Duos S6312 Blanco Libre;95.87;120.0;Si;6;0.4
57250;218;5;Airis TM450 Dual Core Negro Libre;114.88;144.0;Si;17;1.0
58734;218;144;Nokia Lumia 925 16GB Gris Libre;367.77;441.0;Si;13;1.0
59038;218;31;Bq Aquaris 5 16GB Negro/Blanco Libre;164.46;197.0;Si;16;0.17
58714;218;93;HTC One SV 4.3 8GB Blanco Libre;205.79;247.0;Si;10;0.1
58525;218;192;Samsung S5280 Galaxy Star Negro Libre;62.77;78.0;Si;2;1.0
53907;218;206;Sony Xperia Tipo Classic Blanco Libre;90.08;113.0;Si;6;0.5
57367;218;93;HTC Windows Phone 8X Azul Libre;214.05;257.0;Si;10;0.5
56482;218;116;LG Optimus L3 II E430 Negro Libre;80.95;101.0;Si;7;0.5
58303;218;192;Samsung S5282 Galaxy Star 3 Duos Blanco Libre;62.77;78.0;Si;11;1.0
56443;218;11;Apple iPhone 5 16GB Blanco UK Version Libre;478.51;574.0;Si;13;1.0
58684;218;114;Leotec L-Phone Xenon X157W 5.7 Quad Core Blanco Libre;197.52;237.0;Si;12;0.1
59422;218;104;Jiayu G4 Advance Quadcore Blanco Libre;230.58;277.0;Si;7;0.12
54897;218;192;Samsung Ativ S i8750 16GB Gris Libre;185.95;223.0;Si;22;0.5
58337;218;114;Leotec L-Phone Xenon X150B 5 Negro Libre;139.67;175.0;Si;16;1.0
51204;218;192;Samsung Galaxy Y S5360 Blanco Libre;71.03;89.0;Si;3;0.4
51824;218;192;Samsung Galaxy Mini 2 Amarillo Libre;86.78;108.0;Si;14;0.4
50773;218;192;Samsung Galaxy Ace 2 i8160 Negro Libre;131.4;164.0;Si;18;1.2
57907;218;192;Samsung S6310 Galaxy Young Blanco Libre;88.43;111.0;Si;13;1.0
58215;218;13;Archos 50 Platinum 4GB 5;159.5;191.0;Si;14;19.0
51601;218;192;Samsung Galaxy Ace 2 i8160 Blanco Libre;131.4;164.0;Si;8;1.2
53934;218;192;Samsung S7562 Galaxy S Duos Blanco Libre;131.4;164.0;Si;7;1.0
54143;218;116;LG P895 Optimus Vu Negro Libre;271.9;326.0;Si;15;0.5
59473;218;46;Cubot GT99 4GB Rojo Libre;131.4;164.0;Si;15;1.5
59496;218;152;Wime NanoSmart Rojo Libre;85.95;107.0;Si;12;0.5
59551;218;206;Sony Xperia M Violeta Libre;177.69;213.0;Si;10;1.0
59476;218;46;Cubot A6589 Quadcore Gris Libre;171.9;206.0;Si;22;0.1
54864;219;126;Microsoft Office Home and Business 2013;131.4;164.0;Si;8;0.3
55086;220;126;Microsoft Office 365 Home Premium;57.81;72.0;Si;11;0.4
57843;220;213;Norton 360 Suite v6 3 Licencias;14.01;18.0;Si;15;0.5
56308;220;213;Norton Internet Security 2013 3 Licencias;20.66;27.0;Si;10;0.5
54775;220;213;Norton 360 Multi-Device 3 Licencias;22.31;29.0;Si;18;0.4
58790;220;161;Panda Global Protection 2013 3 Licencias;12.36;16.0;Si;1;0.3
59188;220;161;Panda Internet Security 2014 2 Licencia;16.49;21.0;Si;20;0.2
51371;223;152;Soporte Pared Articulado TV/Monitor VESA 200/200 Negro;19.01;25.0;Si;13;3.0
49052;223;152;Soporte Televisión Mod. 2369 VESA 70/100/200;24.75;32.0;Si;24;5.0
50892;223;225;TooQ Soporte Televisión Pared VESA 75/100/200 Plata;17.36;23.0;Si;14;7.0
44567;224;152;Base Dock Power Station For iPad;4.75;7.0;Si;17;1.5
45345;224;152;Soporte de coche para iPad;7.4;10.0;Si;4;0.6
58619;226;20;Avrha Monza Plus Soporte Salpicadero De Tablet + Accesorios;33.02;43.0;Si;11;1.0
45607;226;152;Soporte de aluminio Plata Para Tablet PC 7-10;10.7;14.0;Si;9;1.0
46163;227;241;Wacom Inkling;73.55;92.0;Si;12;0.5
52751;227;241;Wacom Bamboo Pen&Touch Manga;72.73;91.0;Si;4;2.0
59534;227;241;Wacom Intuos Pro Edicion Especial;271.07;325.0;Si;3;10.0
46079;227;241;Wacom Bamboo Fun Pen&Touch Medium;145.45;182.0;Si;10;2.0
59530;227;241;Wacom Intuos Pen Small;52.89;66.0;Si;18;3.0
59539;228;64;Energy Sistem Tablet X10 Quad 10.1 16GB + Auricular DJ 310;177.64;213.0;Si;15;2.0
53317;228;11;Apple iPad Mini 4G 32GB Negro;461.98;554.0;Si;13;1.5
47554;228;240;ViewSonic ViewPad VP10s 10.1 3G Negro;228.93;275.0;Si;10;3.0
56736;228;17;Asus VivoTab Smart ME400C 64GB 10.1 Blanco + Office;329.75;396.0;Si;22;2.0
43936;228;192;Samsung Galaxy Tab P1010 7 WiFi;283.47;340.0;Si;11;3.5
56159;228;13;Archos Arnova 90 G3 9 4GB Blanco;80.99;101.0;Si;16;2.0
55517;228;13;Archos 80 Cobalt 8 8GB Negro;106.61;133.0;Si;7;1.5
58632;228;31;Bq Edison 2 3G 10.1 IPS 16GB Negro;202.48;243.0;Si;3;1.3
57759;228;192;Samsung Galaxy Tab 3 T2100 7 8GB WiFi Blanco;156.2;187.0;Si;14;2.0
56144;228;17;Asus Fonepad 7 3G 16GB Gris;180.99;217.0;Si;17;1.2
58989;228;192;Samsung Ativ Tab 5 11.6 64GB Gris;786.78;944.0;Si;15;2.0
59485;228;95;I-joy Flame 9.7 8GB Dual Core;131.4;164.0;Si;7;6.2
56046;228;83;GoClever Hybrid Tab 10.1 IPS 8GB Gris;222.31;267.0;Si;8;1.5
58882;228;17;Nuevo Google Nexus 7 32GB;222.31;267.0;Si;9;0.29
58526;228;192;Samsung Galaxy Tab 3 GT-P5210 10.1 16GB Blanco;280.17;336.0;Si;7;2.5
57118;228;114;Leotec L-Pad Pulsar 7 8GB Dual Core;74.34;93.0;Si;10;2.0
53314;228;11;Apple iPad Mini 4G 16GB Blanco;362.81;435.0;Si;18;1.5
58087;228;95;i-Joy Planet II 10 8GB;82.6;103.0;Si;11;1.0
58238;228;31;Bq Edison 10.1 16GB Negro Reacondicionado;131.4;164.0;Si;5;1.5
59491;228;95;I-joy Scooby 2 Tablet Para niños;76.86;96.0;Si;14;3.0
55579;228;83;GoClever GamePad 7 8GB Negro;81.82;102.0;Si;4;2.0
57098;228;114;Leotec L-Pad Supernova Quad Core IPS 10.1 8GB;152.89;183.0;Si;11;2.0
52283;228;192;Samsung Galaxy Tab 2 P3100 7 3G 8GB Blanco;189.26;227.0;Si;10;2.0
57581;228;114;Leotec L-Pad Pulsar S 7 8GB Dual Core;62.77;78.0;Si;12;2.0
56934;228;192;Samsung Galaxy Note 8.0 8 3G 16GB Blanco;350.41;420.0;Si;17;2.0
54538;228;31;Bq Elcano Tablet 3G/Smartphone 7 Negro;147.93;185.0;Si;17;1.0
59146;228;226;Toshiba Excite Write 10.1 32GB Negro;442.98;532.0;Si;13;1.0
54527;228;17;Asus ME172V Memo Pad7 7 16GB Fucsia;106.61;133.0;Si;9;2.0
59483;228;95;I-joy Scape 7 4GB Dual Core;51.24;64.0;Si;12;7.0
52655;228;95;I-Joy Amity 9 8GB Negro;66.07;83.0;Si;18;1.8
53209;228;32;Brigmton BTPC-5 7 Negro;56.16;70.0;Si;15;1.5
55456;229;17;Asus PCE-N53 PCI-E WiFi N600 Dual-Band;28.88;38.0;Si;12;0.4
34382;229;47;D-Link DGE-528T Tarjeta de Red Gigabit 10/100/1000;10.95;14.0;Si;12;1.0
50860;229;227;TP-Link DGE-Tarjeta de Red Gigabit 10/100/1000;9.05;12.0;Si;17;0.5
55774;231;194;Sapphire Radeon HD 7950 3GB GDDR5 Mac Edition;326.45;392.0;Si;7;3.0
55928;231;81;Gigabyte Radeon HD 7790 OC 2GB GDDR5;111.57;139.0;Si;12;1.5
46766;231;17;Asus HD 6450 SILENT 1GB DDR3;32.23;42.0;Si;12;1.5
49152;231;194;Sapphire Radeon HD 7750 1GB GDDR5;69.38;87.0;Si;21;2.5
53406;231;194;Sapphire Radeon HD 5450 1GB GDDR3;24.75;32.0;Si;9;3.0
56299;232;131;MSI N6200 512D2H/LP;35.54;46.0;Si;15;1.5
57384;233;17;Asus GeForce GTX 770 DirectCU II OC 2GB GDDR5;326.45;392.0;Si;7;2.5
52324;233;17;Asus GeForce GTX 670 DirectCU II 4GB GDDR5;277.69;333.0;Si;20;2.0
58798;233;173;PNY Quadro K4000 PCI-E 3GB GDDR5;739.67;888.0;Si;16;0.5
58218;233;17;Asus GeForce GTX780 DC2OC 3GB GDDR5;519.83;624.0;Si;20;2.0
54383;233;17;Asus GeForce GTX 650 Eco 2GB GDDR5;98.35;123.0;Si;18;1.5
53013;233;251;Zotac GeForce GT 640 2GB GDDR3;63.64;80.0;Si;15;1.5
56663;233;17;Asus GeForce GTX 670 DirectCU Mini OC 2GB GDDR5;205.79;247.0;Si;9;1.2
52139;233;81;Gigabyte GeForce GTX 650 OC 1GB GDDR5;84.3;105.0;Si;11;2.0
50953;233;17;Asus GeForce GT 610 Silent 2GB GDDR3;38.84;50.0;Si;9;1.5
45073;233;17;Asus GeForce EN210 Silent 1GB GDDR3;23.97;31.0;Si;13;1.0
52532;233;81;Gigabyte GeForce GTX 650 Ti OC 2GB GDDR5;116.53;146.0;Si;12;2.0
52224;233;17;Asus GeForce GTX 660 DirectCU II OC 2GB GDDR5;165.29;198.0;Si;14;2.5
55935;233;81;Gigabyte GeForce GTX 650 Ti Boost OC 2GB GDDR5;129.75;162.0;Si;14;1.5
55286;233;17;Asus GTX TITAN 6GB GDDR5;778.51;934.0;Si;18;2.0
55293;233;81;Gigabyte GTX TITAN 6GB GDDR5;792.56;951.0;Si;15;2.0
58624;234;12;Approx Tarjeta PCI Puerto Paraleo + 2 Puerto serie;13.43;17.0;Si;5;0.5
47517;234;78;Tarjeta PCI Test Diagnóstico;4.92;7.0;Si;11;0.3
42598;235;58;Digitus Tarjeta PCI Express 2 puertos serie RS232;21.49;28.0;Si;13;0.3
48955;235;203;SilverStone EC01-P Tarjeta PCIe a USB3.0;19.83;26.0;Si;18;0.3
40795;236;17;Asus Xonar DG 5.1;20.66;27.0;Si;16;2.0
33601;236;44;Creative X-Fi Titanium PCI Express OEM;40.45;53.0;Si;7;0.6
50420;236;17;Asus ROG Xonar Phoebus PCI Express;139.67;175.0;Si;6;5.0
44856;236;152;Tarjeta de Sonido USB 5.1;3.93;6.0;Si;14;0.3
50021;236;17;Asus Xonar DGX 5.1 PCIe;24.79;32.0;Si;9;0.3
32357;236;17;Asus Xonar DX/XD PCI Express;49.59;64.0;Si;10;0.8
53630;237;138;Nevir NVR-2593 TDT USB HD;28.1;37.0;Si;13;1.2
51506;238;110;Kloner Teclado UltraFlat USB Plata;13.18;17.0;Si;19;1.5
51802;238;36;Cherry Teclado G83-6644 Lector de Tarjeta DNIe;19.83;26.0;Si;8;1.5
54951;238;245;Woxter TV Smart Keyboard K800;23.97;31.0;Si;20;1.0
58522;238;210;SteelSeries Apex RAW Gaming Keyboard;56.2;70.0;Si;6;2.5
57662;238;121;Logitech G710+ Gaming Mechanical Keyboard;128.1;160.0;Si;10;1.5
58277;238;110;Kloner Teclado Bluetooth Aluminio Negro;19.83;26.0;Si;14;2.0
54555;238;236;Unotec Flypad Teclado + Ratón Motion Controller;19.79;26.0;Si;14;0.4
46004;238;188;Roccat Isku Illuminated Gaming Keyboard;65.29;82.0;Si;17;1.5
52618;238;215;Tacens Sagax Mini Teclado Wireless Touch Control;18.14;24.0;Si;19;1.0
56715;238;114;Leotec Teclado Multimedia USB/PS2;7.4;10.0;Si;16;1.0
56614;238;121;Logitech Wireless Combo MK270;22.27;29.0;Si;11;3.0
55630;238;22;Pack B-Move Teclado + Ratón Marvel Wireless;13.84;18.0;Si;12;3.0
47278;238;121;Logitech Wireless Combo MK220 Teclado + Ratón;18.18;24.0;Si;6;1.5
53450;238;121;Logitech K310 Lavable;27.23;35.0;Si;6;1.0
47182;238;121;Logitech Wireless Keyboard K360 Purple Pebbles;18.18;24.0;Si;16;3.5
56728;238;114;Leotec Teclado Multimedia Negro-Rojo USB/PS2;10.12;13.0;Si;6;1.0
59470;238;79;Genius Manticore Teclado Gaming Retroiluminado;42.98;56.0;Si;9;1.0
52801;238;121;Logitech Wireless Keyboard K230;13.02;17.0;Si;12;1.0
52964;238;121;Logitech Keyboard K120 German Layout;14.83;19.0;Si;13;1.5
52911;238;126;Microsoft Wired Keyboard 200 Business;8.06;11.0;Si;14;1.5
43015;238;121;Logitech Keyboard K120;10.7;14.0;Si;1;1.5
51690;238;22;B-Move Chocolate Edicion Blanco Slim;11.78;15.0;Si;16;0.7
55080;238;22;B-Move Dual Force Kit Teclado + Ratón BG USB;13.84;18.0;Si;2;1.5
40383;238;121;Logitech Wireless Illuminated Keyboard K800;67.73;85.0;Si;9;2.5
56249;238;183;Razer Orbweaver Mecánico;98.35;123.0;Si;6;1.5
53771;238;152;Teclado Flexible de Silicona USB Rojo;7.4;10.0;Si;9;1.0
37507;238;121;Logitech Wireless Keyboard K340;23.14;30.0;Si;4;3.5
58815;239;167;Philips C1501B Dect Negro;15.66;20.0;Si;10;1.0
55909;239;202;Siemens Gigaset AS200 Duo Teléfono Inalámbrico;27.27;35.0;Si;14;1.4
55036;239;202;Siemens Gigaset AS200 Trio Teléfono Inalámbrico;37.19;48.0;Si;25;3.0
58966;239;48;Daewoo DTD-7000 Dect Teclas Grandes;27.27;35.0;Si;6;0.5
57984;240;192;Samsung UE46F5000 46 LED;412.4;495.0;Si;16;14.0
53233;240;192;Samsung UE32EH4003 32 LED;214.05;257.0;Si;17;10.0
57862;240;116;LG 55LA740S 55 LED 3D;1261.16;1513.0;Si;9;25.0
58064;240;192;Samsung UE50F6400 50 3D LED;710.74;853.0;Si;16;25.0
55938;240;192;Samsung UE46F7000 46 LED 3D;1008.26;1210.0;Si;13;20.0
58062;240;192;Samsung UE75F8000 75 LED 3D;5438.02;6526.0;Si;3;35.0
59127;240;116;LG 55LA620S 55 LED 3D;866.94;1040.0;Si;10;21.6
58831;240;226;Toshiba 26EL933 26 LED;209.09;251.0;Si;9;7.0
59292;240;116;LG 50PN6500 50 Plasma;434.71;522.0;Si;12;22.8
56869;240;192;Samsung UE42F5000 42 LED;329.75;396.0;Si;4;14.0
56610;240;116;LG 39LN575S 39 LED;384.3;461.0;Si;19;18.0
57793;240;192;Samsung UE46F6500 46 3D LED;648.76;779.0;Si;11;19.0
58349;240;206;Sony KDL-42W650A 42 LED;475.21;570.0;Si;9;18.0
56776;240;116;LG 32LN570R 32 IPS;263.64;316.0;Si;14;12.0
56162;240;116;LG 42PN450B 42 Plasma;288.43;346.0;Si;16;20.0
58742;240;116;LG 42LA6130 42 LED 3D;371.07;445.0;Si;9;15.0
58781;240;226;Toshiba 32W2333 32 LED;197.52;237.0;Si;12;10.0
56619;240;192;Samsung UE19F4000 19 LED;117.36;147.0;Si;12;5.0
59272;240;116;LG 32LN520B 32 LED;222.31;267.0;Si;15;7.0
59409;240;89;Hisense K610XWSEU 50 LED 3D;530.58;637.0;Si;9;20.0
58051;240;116;LG 42LN570S 42 LED;371.07;445.0;Si;16;15.0
57391;240;116;LG 42LA667S 42 LED 3D;561.16;673.0;Si;8;20.0
57577;240;167;Philips 40PFL4308H 40 LED 3D;387.6;465.0;Si;9;20.0
53893;241;153;Tambor Original OKI Cyan C3300/C3400/C3450/C3600;37.19;48.0;Si;15;2.0
48797;242;160;Panasonic Toner + Tambor KX-FAT410X Negro MB1500/MB1520;65.29;82.0;Si;4;1.5
33470;244;192;Samsung Toner CLT-Y4092S Amarillo CLP-310/315/3175;36.36;47.0;Si;5;2.5
52627;244;192;Samsung CLT-P4072C Serie CLX-3180;123.14;154.0;Si;7;1.2
42894;244;192;Samsung Toner CLT-C4072S Cian CLP-320/325/3185;37.19;48.0;Si;16;1.5
43152;245;78;Tóner Compatible HP Q6470A Negro 3600/3800;37.19;48.0;Si;20;2.0
21292;245;152;Tóner Compatible HP C4096A 2100/2200D;22.93;30.0;Si;20;2.0
49736;245;78;Tóner Compatible HP CE320A-G Negro 128A PRO/SERIE CM1415;19.01;25.0;Si;24;0.3
28034;245;78;Tóner Compatible HP Q3962A Amarillo Laserjet Color 2550/2550;26.45;34.0;Si;7;1.5
19742;245;78;Tóner Compatible HP Q2613x Laserjet 1300 alta capacidad;15.5;20.0;Si;11;2.0
42695;245;78;Tóner Compatible HP CB542A Amarillo CP1210/1215;22.31;29.0;Si;9;1.5
19738;245;78;Tóner Compatible HP Q2612A 1010/1015/1018/3050;12.36;16.0;Si;8;2.5
45791;245;92;Tóner Compatible HP CE278A Laserjet P1566/P1606DN/M1536DNF;12.6;16.0;Si;17;2.5
21297;245;152;Tóner Compatible HP Q2613A Laserjet 1300;15.5;20.0;Si;18;2.0
43133;245;152;Tóner Compatible HP Q5949A Negro 1160/1320/3390/3392;16.32;21.0;Si;15;1.5
38936;245;78;Toner Compatible HP CE505A P2035/P2055;17.36;23.0;Si;10;3.0
50321;245;152;Tóner Compatible HP CE311A Cian 100 CP/1025NW/1025/1020/M175;16.32;21.0;Si;12;1.5
52968;246;92;HP CE403A Magenta Laserjet 507A;160.33;192.0;Si;13;2.0
34383;246;92;HP CB540A Negro CP1215/CP1515/CP1518;56.2;70.0;Si;11;2.0
53072;247;203;SilverStone Raven 2 RV02B-EW USB3.0 Negra;140.5;176.0;Si;12;16.0
59079;247;70;Fractal Design Core 1000 USB3.0 Negra;28.88;38.0;Si;21;10.0
51085;247;41;Cooler Master HAF XM;92.56;116.0;Si;6;15.0
46390;247;43;Corsair 500R Carbide Series Blanca;91.74;115.0;Si;12;15.0
59275;247;4;AeroCool GT-R Blanca;57.02;71.0;Si;5;5.0
48023;247;222;Thermaltake Commander MS-I Snow Edition;37.19;48.0;Si;19;10.0
44766;247;22;B-Move Cora Mini 500W;27.27;35.0;Si;6;10.0
56691;247;4;AeroCool V3X Advance Black Edition;22.27;29.0;Si;15;10.0
58134;247;222;Thermaltake Urban S31;69.42;87.0;Si;10;8.0
56815;247;145;NOX Hummer SX;33.88;44.0;Si;8;15.0
59265;247;4;AeroCool GT-S Negra;109.92;137.0;Si;15;6.0
46681;247;4;AeroCool Xpredator White;95.04;119.0;Si;7;15.0
50900;247;145;NOX NYX USB 3.0 Negra;22.31;29.0;Si;16;10.0
57850;247;4;Aerocool V3X Advance Evil Blue Edition;22.27;29.0;Si;3;5.0
49709;247;4;Aerocool STRIKE-X Advance Roja;57.02;71.0;Si;16;5.0
53527;247;145;Nox NX-3 USB 3.0 LED Rojo;31.4;41.0;Si;14;6.0
56014;247;28;BitFenix Prodigy Negra;56.16;70.0;Si;6;20.0
54702;247;4;Aerocool Xpredator X3 White Edition;80.17;100.0;Si;9;14.0
58301;247;4;Aerocool Strike One Army;39.67;52.0;Si;9;5.0
52714;247;4;Aerocool Mechatron Black Window;64.46;81.0;Si;3;10.0
40129;247;222;Thermaltake V4 Black Edition;38.84;50.0;Si;5;10.0
51034;247;4;Aerocool Strike-X Air Gaming Series;74.34;93.0;Si;6;14.0
40307;247;150;NZXT Phantom Blanca;97.52;122.0;Si;6;15.0
53587;247;41;Cooler Master K380 USB 3.0;30.58;40.0;Si;7;10.0
47122;247;41;Cooler Master Elite 431 Plus con Ventana;41.32;54.0;Si;9;8.0
45109;247;70;Fractal Design Core 1000 Negra;28.88;38.0;Si;8;10.0
48169;247;4;AeroCool Strike-X One Advance USB 3.0;35.54;46.0;Si;5;12.0
47926;248;152;Trípode Fotográfico de aluminio 36-106cm;12.36;16.0;Si;13;1.5
54854;248;152;Werlisa TW10 Trípode 3 alturas;11.78;15.0;Si;6;1.0
54850;248;152;Tripode Mini Flexible;2.27;3.0;Si;7;0.4
56307;248;152;Soporte Cámara Universal Para Bicicleta/Moto;4.75;7.0;Si;8;0.5
59564;249;65;Engel RS3320HD Receptor Satélite HD Grabador;41.28;54.0;Si;9;4.0
52314;249;65;Engel RS 4800Y HD SAT WiFi;86.78;108.0;Si;20;3.0
58755;251;152;Hucha Electrónica Bob Esponja;13.43;17.0;Si;20;1.0
53846;251;152;Helicóptero IR Negro con Cámara;37.98;49.0;Si;13;2.0
44009;253;178;Prolimatech Genesis;49.55;64.0;Si;19;2.5
58133;253;221;Thermalright Macho 120;29.75;39.0;Si;15;2.0
47099;253;41;Cooler Master Hyper TX3 EVO CPU Cooler;15.66;20.0;Si;4;1.0
47848;253;100;Intel Air Cooled Thermal Solution CPU Cooler;13.84;18.0;Si;8;0.3
41488;253;142;Noctua NH-C14 Multisocket;57.85;72.0;Si;12;2.5
42627;253;14;Arctic Cooling CPU Freezer 13;20.62;27.0;Si;12;1.5
57596;253;142;Noctua NH-U14S;57.85;72.0;Si;11;3.0
57183;253;222;Thermaltake NIC F3 CPU Cooler;28.93;38.0;Si;14;1.0
58804;253;41;Cooler Master V8 GTS;62.81;79.0;Si;7;1.0
32839;254;197;Scythe Ita Kaze Slim Hard Disk Cooler;9.88;13.0;Si;9;0.6
35293;255;109;Kingston HyperX Memory Cooler;17.36;23.0;Si;8;0.4
55373;256;22;B-Move Twist Air Hasta 17;10.7;14.0;Si;3;0.5
57542;256;114;Leotec Netbook Cooler + HUB USB hasta 17;11.16;15.0;Si;16;3.0
48574;256;215;Tacens Abacus Netbook Cooler Hasta 17;12.81;17.0;Si;9;2.5
39866;256;215;Tacens Vinci;17.36;23.0;Si;5;2.5
31944;257;142;Noctua NF-P12 120x120 1300 RPM Ultra-Low-Noise;14.67;19.0;Si;5;0.25
38650;257;197;Scythe Gentle Typhoon 120x120mm 1850rpm;12.19;16.0;Si;17;0.3
34957;257;145;NOX Knik 120x120;4.09;6.0;Si;4;0.3
56830;257;197;Scythe Slip Stream 120 PWM;8.22;11.0;Si;13;0.2
56318;257;143;Noiseblocker NB-eLoop B12-P 120x120 PWM;15.66;20.0;Si;19;0.3
54241;257;43;Corsair SP120 High Pressure Dual Pack;18.18;24.0;Si;17;0.3
51757;258;41;Cooler Master BC 80x80mm 1800RPM Azul;5.17;7.0;Si;15;0.1
42299;258;215;Tacens Aura II 80x80;6.82;9.0;Si;21;0.3
35421;258;42;Cooltek Filtros Ventilador 80mm;1.24;2.0;Si;19;0.2
44106;258;145;NOX NX80 80x80x25mm 15.4dBA Rojo Traslúcido;3.1;4.0;Si;8;0.3
47234;259;4;AeroCool Shark 140x140mm Red Leds;10.54;14.0;Si;16;0.5
51183;259;14;Arctic Cooling F9 92x92x25mm PWM;4.55;6.0;Si;14;0.4
55182;259;142;Noctua NF-A4X10 FLX 40x40;10.54;14.0;Si;13;0.3
50516;260;14;Arctic Cooling Accelero Xtreme III;43.8;57.0;Si;14;1.2
53276;261;12;Approx Hulk Cam Videocámara Deportiva;49.55;64.0;Si;14;0.5
57327;261;78;MediaTech MT4043 Videocámara;124.79;156.0;Si;15;1.0
55343;261;236;Unotec XTR Videocámara Deportiva;49.55;64.0;Si;10;0.5
56450;261;236;Unotec Pencam cámara espía;24.75;32.0;Si;13;0.3
59005;261;152;Liquid Image Mascara de Buceo con VideoCamara;61.16;76.0;Si;12;0.3
56056;261;84;GoPro HERO 3 Black Edition;304.96;366.0;Si;5;1.5
57722;262;141;Nintendo 3DS XL Negra;144.63;181.0;Si;1;1.0
51718;262;141;Nintendo 3DS XL Plata;144.63;181.0;Si;9;1.0
52973;265;206;Sony PS3 Playstation 3 Slim 12GB;147.93;185.0;Si;16;5.0
53670;267;223;Thrustmaster Ferrari Challenge Racing Wheel PC/PS3;26.45;34.0;Si;1;2.0
38202;267;223;Thrustmaster Ferrari F430 Force Feedback Racing Wheel PC/PS3;81.82;102.0;Si;6;12.0
38272;267;223;Thrustmaster Universal Challenge 5 in 1 Racing Wheel;20.62;27.0;Si;7;10.0
57696;269;12;Approx Webcam WC02B 1.3MP;9.88;13.0;Si;7;0.5
59068;269;88;Hercules Link Webcam;8.06;11.0;Si;17;0.4
51117;269;88;Hercules HD Twist Negro;19.83;26.0;Si;18;0.5
50730;270;152;Kit Juega y Carga Xbox 360 Negro;8.22;11.0;Si;10;0.3
34259;270;126;Tarjeta Prepago Xbox 360 Live Gold 3 meses;15.66;20.0;Si;18;0.1
56591;272;126;Microsoft Xbox 360 250GB;147.93;185.0;Si;19;3.5
57813;273;126;Grid 2 Xbox 360;47.89;62.0;Si;15;0.4
57705;273;206;Tomb Raider Xbox 360;36.32;47.0;Si;14;0.4
58693;273;126;Far Cry 3 Xbox 360;23.1;30.0;Si;7;0.4
